Batch_ID,Product_ID,Manufacture_Date,Label_Expiry_Date,Delivered_Date,Lead_Time_Days,Country,Shipment_Mode,Manufacturing_Site,Quantity,Weight_kg,Freight_Cost_USD
BATCH-00001,ARV-016,2025-07-11,2027-07-11,2025-08-23,9,Zambia,Truck,"Cipla, Goa, India",40900,3127.0,8109.92
BATCH-00002,ARV-021,2025-05-30,2027-05-30,2025-07-06,18,Nigeria,Air,Roche Basel,500,83.0,852.02
BATCH-00003,ARV-003,2026-03-17,2028-03-16,2026-04-19,16,Haiti,Air,"Cipla, Goa, India",7867,811.0,5915.63
BATCH-00004,ARV-020,2025-12-17,2027-12-17,2026-01-20,12,Tanzania,Air,Mylan (formerly Matrix) Nashik,4779,643.0,4142.07
BATCH-00005,ARV-003,2026-01-08,2028-01-08,2026-02-26,12,Mozambique,Air,Hetero Unit III Hyderabad IN,250000,34074.0,146734.85
BATCH-00006,HRDT-004,2025-08-19,2027-08-19,2025-09-25,19,Nigeria,Air,Chembio Diagnostics Sys. Inc.,1052,334.0,2335.9
BATCH-00007,ARV-008,2025-05-18,2027-05-18,2025-07-18,6,Haiti,Air,"Aurobindo Unit III, India",224,746.0,6036.96
BATCH-00008,ARV-001,2025-08-18,2027-08-18,2025-10-11,23,Zambia,Truck,Hetero Unit III Hyderabad IN,99366,8045.0,13511.49
BATCH-00009,ARV-008,2025-08-03,2027-08-03,2025-10-02,8,South Africa,Air,GSK Mississauga (Canada),32000,12374.0,11865.62
BATCH-00010,ARV-002,2025-08-12,2027-08-12,2025-10-02,9,Zambia,Truck,"Aurobindo Unit III, India",20000,7482.0,6801.72
BATCH-00011,ARV-007,2026-02-19,2028-02-19,2026-03-27,13,"Congo, DRC",Air,"Aurobindo Unit III, India",367,161.0,2038.97
BATCH-00012,ARV-008,2025-10-15,2027-10-15,2025-11-22,21,Rwanda,Air,Mylan (formerly Matrix) Nashik,12000,1239.0,28202.0
BATCH-00013,ARV-009,2025-05-19,2027-05-19,2025-07-20,17,Tanzania,Air,"Cipla, Goa, India",2448,178.0,1854.35
BATCH-00014,ARV-004,2025-02-20,2027-02-20,2025-04-01,17,Zambia,Air,"Aurobindo Unit III, India",6597,617.0,2891.6
BATCH-00015,ARV-006,2025-06-04,2027-06-04,2025-07-09,17,Rwanda,Air,Hetero Unit III Hyderabad IN,10350,582.0,2990.64
BATCH-00016,HRDT-011,2025-11-16,2027-11-16,2026-01-29,18,South Sudan,Air,"Alere Medical Co., Ltd.",214,97.0,2590.24
BATCH-00017,HRDT-002,2025-05-07,2027-05-07,2025-06-20,13,Namibia,Air,"Trinity Biotech, Plc",750,265.0,2906.31
BATCH-00018,ARV-005,2026-03-22,2028-03-21,2026-04-05,7,Vietnam,Air,ABBVIE Ludwigshafen Germany,2000,499.0,1467.82
BATCH-00019,ARV-014,2025-11-14,2027-11-14,2026-01-04,19,Haiti,Air,"Aurobindo Unit III, India",384,30.0,1119.09
BATCH-00020,HRDT-002,2025-10-14,2027-10-14,2025-11-25,12,Mozambique,Air,"Trinity Biotech, Plc",7500,2440.0,37115.71
BATCH-00021,ARV-019,2025-12-11,2027-12-11,2026-02-14,13,Côte d'Ivoire,Air,ABBVIE Ludwigshafen Germany,3000,387.0,6020.48
BATCH-00022,ARV-001,2025-09-21,2027-09-21,2025-11-15,11,Rwanda,Air,"Aurobindo Unit III, India",487,66.0,585.42
BATCH-00023,HRDT-001,2025-05-29,2027-05-29,2025-06-21,8,Zimbabwe,Air,Inverness Japan,1000,324.0,3791.81
BATCH-00024,ARV-002,2025-12-16,2027-12-16,2026-01-27,29,Zimbabwe,Truck,"Strides, Bangalore, India.",23090,394.0,11133.66
BATCH-00025,ARV-007,2025-04-22,2027-04-22,2025-06-17,18,Nigeria,Air,Hetero Unit III Hyderabad IN,28,2.0,675.47
BATCH-00026,ARV-016,2025-06-28,2027-06-28,2025-07-27,22,Mozambique,Truck,"Strides, Bangalore, India.",24880,1401.0,4764.16
BATCH-00027,ARV-010,2026-02-15,2028-02-15,2026-03-16,7,Zimbabwe,Air Charter,"Cipla, Kurkumbh, India",25811,2829.0,24936.5
BATCH-00028,ARV-006,2025-02-20,2027-02-20,2025-03-22,18,Rwanda,Air,"Ranbaxy, Paonta Shahib, India",3150,165.0,2559.28
BATCH-00029,ARV-004,2026-03-13,2028-03-12,2026-04-08,20,Zimbabwe,Truck,"Cipla, Goa, India",10893,735.0,6331.93
BATCH-00030,HRDT-005,2025-03-01,2027-03-01,2025-05-07,12,Tanzania,Air,"Standard Diagnostics, Korea",10000,3112.0,22856.02
BATCH-00031,ARV-005,2025-05-26,2027-05-26,2025-06-16,12,Guyana,Air,ABBVIE Ludwigshafen Germany,2733,589.0,314.0
BATCH-00032,ARV-002,2025-03-09,2027-03-09,2025-03-26,12,Zambia,Truck,Hetero Unit III Hyderabad IN,72333,4957.0,15220.18
BATCH-00033,ARV-007,2025-04-21,2027-04-21,2025-06-22,6,Uganda,Air,"Aurobindo Unit III, India",192,11.0,1112.31
BATCH-00034,ARV-002,2026-01-18,2028-01-18,2026-02-16,14,Uganda,Air,"Aurobindo Unit III, India",10368,2127.0,10898.13
BATCH-00035,ARV-002,2025-04-01,2027-04-01,2025-06-09,20,Haiti,Air,Hetero Unit III Hyderabad IN,18750,111.0,12448.02
BATCH-00036,ARV-011,2026-02-28,2028-02-28,2026-03-14,8,Zimbabwe,Truck,Hetero Unit III Hyderabad IN,87667,11717.0,74740.8
BATCH-00037,HRDT-001,2025-11-28,2027-11-28,2025-12-30,19,Côte d'Ivoire,Air,"Alere Medical Co., Ltd.",2400,1043.0,20882.95
BATCH-00038,HRDT-012,2025-03-04,2027-03-04,2025-04-03,19,Côte d'Ivoire,Air,Bio-Rad Laboratories,476,522.0,6924.83
BATCH-00039,HRDT-001,2025-06-05,2027-06-05,2025-07-27,9,Zambia,Air,Inverness Japan,2807,1360.0,20067.34
BATCH-00040,ARV-003,2025-12-15,2027-12-15,2026-02-07,15,Cameroon,Air,"Aurobindo Unit III, India",38707,4926.0,40227.6
BATCH-00041,ARV-002,2025-07-22,2027-07-22,2025-08-26,4,Nigeria,Air Charter,"Aurobindo Unit III, India",34650,3934.0,20264.93
BATCH-00042,ARV-019,2025-03-05,2027-03-05,2025-04-17,25,Mozambique,Truck,ABBVIE (Abbott) Logis. UK,1358,387.0,2107.14
BATCH-00043,HRDT-004,2026-01-06,2028-01-06,2026-01-31,16,Côte d'Ivoire,Air,Chembio Diagnostics Sys. Inc.,3400,1252.0,10821.66
BATCH-00044,ARV-017,2025-10-16,2027-10-16,2025-12-06,15,Côte d'Ivoire,Truck,Mylan (formerly Matrix) Nashik,8640,979.0,4869.4
BATCH-00045,HRDT-001,2025-08-17,2027-08-17,2025-09-09,6,Kenya,Air,Inverness Japan,8586,1479.0,15519.77
BATCH-00046,ARV-007,2025-12-10,2027-12-10,2026-02-06,21,Côte d'Ivoire,Air,"Aurobindo Unit III, India",670,76.0,1921.02
BATCH-00047,ARV-009,2025-07-07,2027-07-07,2025-09-28,41,South Africa,Ocean,"Aurobindo Unit III, India",43280,4040.0,6121.42
BATCH-00048,ARV-002,2024-12-16,2026-12-16,2025-02-25,20,Tanzania,Air,"Aurobindo Unit III, India",11807,1802.0,3267.0
BATCH-00049,ARV-014,2025-06-19,2027-06-19,2025-08-06,16,Côte d'Ivoire,Air,"Aurobindo Unit III, India",2788,588.0,5121.68
BATCH-00050,ARV-003,2025-06-13,2027-06-13,2025-07-13,25,Uganda,Truck,Mylan (formerly Matrix) Nashik,6600,843.0,6470.51
BATCH-00051,ARV-015,2025-11-24,2027-11-24,2026-01-08,25,Tanzania,Truck,Mylan (formerly Matrix) Nashik,15027,1248.0,4529.5
BATCH-00052,ARV-016,2025-05-31,2027-05-31,2025-08-01,11,Zimbabwe,Truck,"Cipla, Goa, India",5800,12791.0,3833.17
BATCH-00053,ARV-002,2025-04-24,2027-04-24,2025-06-08,11,Haiti,Air,"Aurobindo Unit III, India",3035,1133.0,7789.85
BATCH-00054,HRDT-004,2025-10-21,2027-10-21,2025-12-11,12,Nigeria,Air,Chembio Diagnostics Sys. Inc.,3401,972.0,6418.11
BATCH-00055,HRDT-001,2026-01-20,2028-01-20,2026-03-04,13,Burundi,Air,"Alere Medical Co., Ltd.",675,278.0,5626.76
BATCH-00056,ARV-001,2025-03-07,2027-03-07,2025-03-25,5,Zambia,Air,"Aurobindo Unit III, India",900,109.0,919.66
BATCH-00057,ARV-003,2026-01-12,2028-01-12,2026-03-27,20,Mozambique,Truck,Hetero Unit III Hyderabad IN,210000,81836.0,47171.27
BATCH-00058,ARV-009,2025-06-26,2027-06-26,2025-08-19,7,Côte d'Ivoire,Air,Mylan (formerly Matrix) Nashik,2200,6587.0,8953.2
BATCH-00059,ARV-001,2025-05-16,2027-05-16,2025-07-31,17,Guyana,Air,"Aurobindo Unit III, India",3604,499.0,5783.6
BATCH-00060,ARV-006,2025-11-24,2027-11-24,2026-02-07,23,Rwanda,Truck,"Aurobindo Unit III, India",5495,1960.0,4390.98
BATCH-00061,ARV-002,2025-07-31,2027-07-31,2025-09-10,20,Haiti,Air,"Aurobindo Unit III, India",1000,830.0,6555.75
BATCH-00062,HRDT-003,2025-01-31,2027-01-31,2025-03-07,17,Côte d'Ivoire,Air,Inverness Japan,595,200.0,1642.0
BATCH-00063,ARV-003,2026-02-03,2028-02-03,2026-03-08,15,Côte d'Ivoire,Truck,"Strides, Bangalore, India.",75235,9080.0,34551.83
BATCH-00064,HRDT-002,2025-08-20,2027-08-20,2025-11-04,21,Sudan,Air,"Trinity Biotech, Plc",10,4.0,593.8
BATCH-00065,HRDT-001,2025-11-08,2027-11-08,2025-12-24,11,Tanzania,Air,"Alere Medical Co., Ltd.",1568,678.0,12950.74
BATCH-00066,ARV-002,2025-07-21,2027-07-21,2025-08-29,10,Uganda,Air,Hetero Unit III Hyderabad IN,3690,214.0,5166.39
BATCH-00067,ARV-009,2025-01-02,2027-01-02,2025-03-21,20,Vietnam,Air,Gilead(Nycomed) Oranienburg DE,1000,76.0,2282.57
BATCH-00068,ARV-003,2025-06-30,2027-06-30,2025-08-13,6,Nigeria,Air Charter,"Aurobindo Unit III, India",15000,1972.0,6147.18
BATCH-00069,ARV-015,2025-07-27,2027-07-27,2025-09-23,3,Nigeria,Air Charter,Mylan (formerly Matrix) Nashik,60756,5481.0,12601.07
BATCH-00070,ARV-008,2025-06-18,2027-06-18,2025-08-28,12,Côte d'Ivoire,Air,"Aurobindo Unit III, India",588,215.0,6406.54
BATCH-00071,HRDT-012,2025-01-07,2027-01-07,2025-02-03,18,Nigeria,Air,Bio-Rad Laboratories,375,402.0,4445.75
BATCH-00072,ARV-004,2025-09-16,2027-09-16,2025-10-14,4,Nigeria,Air Charter,Mylan (formerly Matrix) Nashik,3446,6622.0,18495.9
BATCH-00073,ARV-019,2025-05-22,2027-05-22,2025-07-18,12,Rwanda,Air,ABBVIE (Abbott) Logis. UK,120,298.0,2204.08
BATCH-00074,ARV-004,2026-02-09,2028-02-09,2026-04-09,10,Rwanda,Truck,"Cipla, Goa, India",1766,152.0,1330.99
BATCH-00075,ARV-019,2025-03-03,2027-03-03,2025-04-01,16,Mozambique,Air,ABBVIE (Abbott) Logis. UK,630,185.0,1214.2
BATCH-00076,ARV-009,2025-12-07,2027-12-07,2026-01-11,13,Vietnam,Air,Hetero Unit III Hyderabad IN,34640,2804.0,9759.55
BATCH-00077,ARV-021,2025-07-29,2027-07-29,2025-09-12,10,Guatemala,Air,Roche Madrid,188,33.0,660.3
BATCH-00078,ARV-005,2025-12-10,2027-12-10,2026-02-08,12,Côte d'Ivoire,Truck,ABBVIE Ludwigshafen Germany,15119,7541.0,27875.36
BATCH-00079,ARV-001,2025-07-17,2027-07-17,2025-08-11,14,South Africa,Air,"Aurobindo Unit III, India",25190,2131.0,5886.9
BATCH-00080,ARV-004,2026-01-08,2028-01-08,2026-03-03,16,Uganda,Air,"Cipla, Goa, India",7445,574.0,3868.24
BATCH-00081,ARV-003,2026-02-28,2028-02-28,2026-04-10,20,Namibia,Air,"Hetero, Jadcherla, unit 5, IN",33516,4237.0,6786.64
BATCH-00082,ARV-020,2026-02-22,2028-02-22,2026-03-22,12,Rwanda,Air,Mylan (formerly Matrix) Nashik,18000,2402.0,1832.54
BATCH-00083,HRDT-001,2026-01-07,2028-01-07,2026-02-16,7,Nigeria,Air,"Alere Medical Co., Ltd.",9308,3778.0,59767.71
BATCH-00084,ARV-003,2025-12-14,2027-12-14,2026-01-29,19,Uganda,Air,Mylan (formerly Matrix) Nashik,60678,8402.0,28304.85
BATCH-00085,HRDT-013,2025-07-09,2027-07-09,2025-09-01,15,Rwanda,Air,"Standard Diagnostics, Korea",1700,570.0,9054.08
BATCH-00086,ARV-006,2026-01-07,2028-01-07,2026-02-14,16,Guyana,Air,"Aurobindo Unit III, India",81,32.0,728.3
BATCH-00087,ARV-009,2025-03-02,2027-03-02,2025-04-27,6,Vietnam,Air,Mylan (formerly Matrix) Nashik,5040,301.0,4883.46
BATCH-00088,HRDT-002,2025-02-11,2027-02-11,2025-03-06,14,Angola,Truck,"Trinity Biotech, Plc",150,54.0,952.04
BATCH-00089,ARV-009,2025-06-12,2027-06-12,2025-08-21,18,South Africa,Air,"Cipla, Goa, India",83238,5663.0,5298.02
BATCH-00090,ARV-019,2026-03-02,2028-03-01,2026-03-27,19,Rwanda,Air,ABBVIE Ludwigshafen Germany,3500,442.0,6776.8
BATCH-00091,ARV-010,2025-11-08,2027-11-08,2026-01-09,17,Zimbabwe,Truck,Hetero Unit III Hyderabad IN,29506,3133.0,14451.69
BATCH-00092,ARV-012,2025-04-29,2027-04-29,2025-06-10,18,Mozambique,Air,"Cipla, Goa, India",47392,7113.0,3599.76
BATCH-00093,ARV-004,2025-05-13,2027-05-13,2025-06-27,19,Haiti,Air,"Aurobindo Unit III, India",59952,6967.0,75688.58
BATCH-00094,HRDT-005,2025-09-29,2027-09-29,2025-10-16,11,Tanzania,Air,"Standard Diagnostics, Korea",10000,3334.0,22523.12
BATCH-00095,ARV-007,2025-08-16,2027-08-16,2025-10-26,28,Mozambique,Truck,"Aurobindo Unit III, India",2350,904.0,573.43
BATCH-00096,ARV-003,2026-04-13,2028-04-12,2026-05-10,13,Uganda,Truck,Mylan (formerly Matrix) Nashik,18000,2253.0,3785.72
BATCH-00097,ARV-010,2025-10-26,2027-10-26,2025-12-18,12,Uganda,Truck,Hetero Unit III Hyderabad IN,26432,5212.0,24772.95
BATCH-00098,ARV-006,2025-05-02,2027-05-02,2025-07-01,16,Zambia,Air,"Aurobindo Unit III, India",16539,796.0,4234.42
BATCH-00099,ARV-004,2025-05-01,2027-05-01,2025-07-06,15,Vietnam,Air,"Aurobindo Unit III, India",6384,579.0,3119.75
BATCH-00100,ARV-020,2026-01-22,2028-01-22,2026-03-13,7,Tanzania,Air,Mylan (formerly Matrix) Nashik,10565,1412.0,6758.01
BATCH-00101,ARV-002,2025-06-01,2027-06-01,2025-07-18,26,Zambia,Truck,"Aurobindo Unit III, India",20000,1946.0,3379.64
BATCH-00102,ARV-004,2025-04-30,2027-04-30,2025-06-22,8,Rwanda,Air,Mylan (formerly Matrix) Nashik,38736,3080.0,33235.44
BATCH-00103,ARV-006,2025-06-01,2027-06-01,2025-08-08,18,South Africa,Air,"Strides, Bangalore, India.",333334,16496.0,25285.11
BATCH-00104,ARV-013,2025-02-17,2027-02-17,2025-03-16,5,Côte d'Ivoire,Air,"Aurobindo Unit III, India",6200,354.0,4147.9
BATCH-00105,HRDT-004,2025-12-15,2027-12-15,2026-01-13,18,Nigeria,Air,Chembio Diagnostics Sys. Inc.,3401,972.0,10191.28
BATCH-00106,ARV-004,2024-12-26,2026-12-26,2025-03-14,25,Zimbabwe,Truck,"Aurobindo Unit III, India",1560,147.0,1671.84
BATCH-00107,ARV-002,2025-08-29,2027-08-29,2025-10-06,25,Zambia,Truck,"Aurobindo Unit III, India",20000,7469.0,3949.19
BATCH-00108,ARV-008,2025-08-31,2027-08-31,2025-10-23,16,Rwanda,Air,"Aurobindo Unit III, India",580,214.0,2057.2
BATCH-00109,ARV-004,2025-01-02,2027-01-02,2025-02-01,13,Vietnam,Air,"Cipla, Goa, India",25100,2575.0,18772.94
BATCH-00110,ARV-003,2025-08-12,2027-08-12,2025-09-15,23,Uganda,Truck,"Aurobindo Unit III, India",117367,17496.0,104604.06
BATCH-00111,ARV-005,2026-03-09,2028-03-08,2026-05-04,9,Zambia,Air,ABBVIE (Abbott) Logis. UK,2265,2272.0,14603.71
BATCH-00112,ARV-015,2025-06-05,2027-06-05,2025-06-27,10,Nigeria,Air Charter,Mylan (formerly Matrix) Nashik,240,22.0,9341.49
BATCH-00113,ARV-005,2025-05-20,2027-05-20,2025-07-14,14,Côte d'Ivoire,Air,ABBVIE Ludwigshafen Germany,6000,1523.0,10051.89
BATCH-00114,ARV-001,2025-11-23,2027-11-23,2026-01-12,7,Nigeria,Air Charter,"Strides, Bangalore, India.",848,73.0,14547.55
BATCH-00115,ARV-001,2026-02-23,2028-02-23,2026-03-16,13,Ghana,Air,"Aurobindo Unit III, India",14802,951.0,7326.62
BATCH-00116,ARV-010,2026-02-13,2028-02-13,2026-03-19,20,Zambia,Truck,"Aurobindo Unit VII, IN",29440,2438.0,5236.92
BATCH-00117,HRDT-002,2025-12-11,2027-12-11,2026-02-02,5,South Sudan,Air,"Trinity Biotech, Plc",450,165.0,2329.14
BATCH-00118,HRDT-006,2026-02-06,2028-02-06,2026-03-17,7,Rwanda,Air,"KHB Test Kit Facility, Shanghai China",4230,2820.0,37130.88
BATCH-00119,ARV-012,2025-05-03,2027-05-03,2025-05-23,9,Ethiopia,Air,"Strides, Bangalore, India.",41922,3190.0,14732.36
BATCH-00120,ARV-013,2025-04-08,2027-04-08,2025-06-12,6,Vietnam,Air,"Aurobindo Unit III, India",15960,1815.0,9931.49
BATCH-00121,ARV-016,2025-09-01,2027-09-01,2025-10-07,17,Zimbabwe,Truck,"Cipla, Goa, India",4669,357.0,2143.49
BATCH-00122,ARV-014,2025-07-31,2027-07-31,2025-08-21,16,Haiti,Air,"Aurobindo Unit III, India",192,8085.0,78061.3
BATCH-00123,HRDT-001,2025-03-10,2027-03-10,2025-05-20,16,Mozambique,Air,ABBVIE GmbH & Co.KG Wiesbaden,1000,337.0,3499.18
BATCH-00124,HRDT-001,2026-01-23,2028-01-23,2026-02-10,13,Nigeria,Air,"Alere Medical Co., Ltd.",3053,1240.0,20705.23
BATCH-00125,ARV-007,2025-11-29,2027-11-29,2026-01-22,19,Guyana,Air,"Aurobindo Unit III, India",118,16.0,693.16
BATCH-00126,HRDT-002,2025-03-30,2027-03-30,2025-06-11,14,Guyana,Air,"Trinity Biotech, Plc",1371,468.0,5733.61
BATCH-00127,ARV-006,2025-05-13,2027-05-13,2025-06-24,6,Ethiopia,Air,"Aurobindo Unit III, India",4234,212.0,1489.4
BATCH-00128,ARV-001,2025-06-13,2027-06-13,2025-07-30,10,Nigeria,Air Charter,"Aurobindo Unit III, India",14600,1288.0,9736.1
BATCH-00129,ARV-001,2025-06-21,2027-06-21,2025-07-31,14,Rwanda,Air,"Emcure Plot No.P-2, I.T-B.T. Park, Phase II, MIDC, Hinjwadi, Pune, India",31,4.0,889.55
BATCH-00130,HRDT-001,2025-10-04,2027-10-04,2025-10-30,15,Sudan,Air,"Alere Medical Co., Ltd.",22,11.0,978.41
BATCH-00131,ARV-014,2025-12-04,2027-12-04,2026-01-23,14,Zimbabwe,Air,Bristol-Myers Squibb Anagni IT,703,162.0,2365.05
BATCH-00132,HRDT-004,2025-11-12,2027-11-12,2026-01-19,14,Nigeria,Air,Chembio Diagnostics Sys. Inc.,4848,1784.0,8248.33
BATCH-00133,HRDT-002,2025-06-10,2027-06-10,2025-06-26,6,Kenya,Air,"Trinity Biotech, Plc",2000,682.0,7258.89
BATCH-00134,ARV-010,2025-12-04,2027-12-04,2026-02-09,14,Uganda,Air,"Cipla, Kurkumbh, India",16716,1874.0,7487.81
BATCH-00135,ARV-001,2025-06-24,2027-06-24,2025-09-12,53,Rwanda,Ocean,Hetero Unit III Hyderabad IN,38113,3077.0,6499.25
BATCH-00136,HRDT-002,2025-08-07,2027-08-07,2025-09-20,10,Sudan,Air,"Trinity Biotech, Plc",132,50.0,1595.38
BATCH-00137,ARV-002,2025-09-17,2027-09-17,2025-10-16,15,Haiti,Air,"Aurobindo Unit III, India",1292,483.0,5324.69
BATCH-00138,ARV-002,2025-06-27,2027-06-27,2025-08-31,26,South Africa,Ocean,"Strides, Bangalore, India.",237500,15475.0,14682.98
BATCH-00139,HRDT-008,2025-01-23,2027-01-23,2025-02-17,10,Côte d'Ivoire,Air,"Pacific Biotech, Thailand",50,120.0,3004.62
BATCH-00140,ARV-012,2025-09-19,2027-09-19,2025-10-26,17,Zimbabwe,Truck,"Cipla, Goa, India",75507,8578.0,5216.63
BATCH-00141,ARV-003,2025-06-10,2027-06-10,2025-08-14,21,Vietnam,Air,"Aurobindo Unit III, India",20500,2904.0,14223.39
BATCH-00142,ARV-008,2025-04-02,2027-04-02,2025-04-17,8,Vietnam,Air,"Aurobindo Unit III, India",500,124.0,5217.59
BATCH-00143,ARV-007,2025-03-29,2027-03-29,2025-05-06,9,Zambia,Air,"Aurobindo Unit III, India",1800,671.0,5110.76
BATCH-00144,ARV-007,2026-02-04,2028-02-04,2026-03-29,16,Côte d'Ivoire,Truck,"Aurobindo Unit III, India",156,100.0,396.32
BATCH-00145,ARV-010,2026-02-24,2028-02-24,2026-03-29,21,Ghana,Air,Hetero Unit III Hyderabad IN,17447,1825.0,10790.63
BATCH-00146,ARV-001,2025-02-13,2027-02-13,2025-03-25,19,Côte d'Ivoire,Air,"Aurobindo Unit III, India",24561,7191.0,12349.51
BATCH-00147,ARV-001,2025-03-24,2027-03-24,2025-04-21,5,Haiti,Air,"MSD, Haarlem, NL",150,702.0,8762.02
BATCH-00148,ARV-001,2026-02-13,2028-02-13,2026-04-07,12,Mozambique,Truck,"Cipla, Goa, India",30860,19965.0,14767.58
BATCH-00149,ARV-004,2025-09-25,2027-09-25,2025-12-18,26,Zimbabwe,Truck,Mylan (formerly Matrix) Nashik,26267,1875.0,6933.75
BATCH-00150,ARV-002,2025-11-22,2027-11-22,2026-01-14,3,Nigeria,Air Charter,"Cipla, Goa, India",95000,12686.0,41332.14
BATCH-00151,ARV-014,2025-06-14,2027-06-14,2025-07-18,19,Haiti,Air,"Aurobindo Unit III, India",192,40.0,12016.69
BATCH-00152,HRDT-002,2025-05-08,2027-05-08,2025-05-22,9,Tanzania,Air,"Trinity Biotech, Plc",1678,554.0,4810.99
BATCH-00153,ARV-010,2026-01-05,2028-01-05,2026-03-11,58,Haiti,Ocean,"Cipla, Kurkumbh, India",4176,426.0,2251.94
BATCH-00154,ARV-009,2026-03-30,2028-03-29,2026-05-15,9,Vietnam,Air,Hetero Unit III Hyderabad IN,17300,1320.0,2730.91
BATCH-00155,ARV-007,2026-02-04,2028-02-04,2026-03-01,12,Tanzania,Air,"Aurobindo Unit III, India",20172,1104.0,5765.11
BATCH-00156,ARV-001,2025-06-17,2027-06-17,2025-07-20,16,Uganda,Air,"Aurobindo Unit III, India",5000,456.0,5186.68
BATCH-00157,ARV-002,2025-04-04,2027-04-04,2025-06-01,7,Nigeria,Air,"Aurobindo Unit III, India",248,24.0,1547.94
BATCH-00158,ARV-010,2025-12-26,2027-12-26,2026-03-03,14,South Sudan,Air,"Aurobindo Unit VII, IN",1447,592.0,6169.0
BATCH-00159,HRDT-002,2025-06-25,2027-06-25,2025-08-28,13,Zambia,Air,"Trinity Biotech, Plc",7000,2304.0,33525.96
BATCH-00160,HRDT-002,2025-10-14,2027-10-14,2025-11-19,18,South Sudan,Air,"Trinity Biotech, Plc",179,63.0,2147.11
BATCH-00161,HRDT-001,2026-01-27,2028-01-27,2026-03-28,21,Nigeria,Air,"Alere Medical Co., Ltd.",5903,3473.0,35117.35
BATCH-00162,ARV-014,2025-01-31,2027-01-31,2025-03-26,16,Tanzania,Air,"Aurobindo Unit III, India",2273,2749.0,10654.94
BATCH-00163,HRDT-001,2025-12-16,2027-12-16,2026-01-11,11,Côte d'Ivoire,Air,"Alere Medical Co., Ltd.",2104,917.0,16661.34
BATCH-00164,HRDT-002,2025-03-21,2027-03-21,2025-05-06,11,Botswana,Air,"Trinity Biotech, Plc",5,3.0,1225.17
BATCH-00165,ARV-008,2025-09-16,2027-09-16,2025-11-05,17,Zambia,Truck,Mylan (formerly Matrix) Nashik,27452,3898.0,11292.05
BATCH-00166,HRDT-006,2025-10-09,2027-10-09,2025-11-22,18,Burundi,Air,"KHB Test Kit Facility, Shanghai China",23,21.0,1327.6
BATCH-00167,ARV-009,2025-04-09,2027-04-09,2025-06-04,10,Swaziland,Air,Mylan (formerly Matrix) Nashik,1250,1787.0,12798.04
BATCH-00168,ARV-001,2025-08-05,2027-08-05,2025-10-17,31,South Africa,Ocean,Hetero Unit III Hyderabad IN,92500,7778.0,20684.73
BATCH-00169,ARV-010,2025-12-19,2027-12-19,2026-02-06,15,Zimbabwe,Truck,Hetero Unit III Hyderabad IN,131520,2277.0,12000.0
BATCH-00170,HRDT-001,2026-03-09,2028-03-08,2026-04-27,5,Zambia,Air,"Alere Medical Co., Ltd.",1364,553.0,7845.09
BATCH-00171,ARV-005,2025-12-22,2027-12-22,2026-02-12,6,"Congo, DRC",Air,ABBVIE (Abbott) Logis. UK,10,38.0,1573.41
BATCH-00172,HRDT-003,2025-04-22,2027-04-22,2025-06-03,6,Côte d'Ivoire,Air,Inverness Japan,1500,341.0,9749.73
BATCH-00173,ARV-005,2026-02-07,2028-02-07,2026-03-16,18,Ghana,Air,"Aurobindo Unit III, India",3393,901.0,7326.63
BATCH-00174,HRDT-002,2025-01-09,2027-01-09,2025-03-13,17,Guyana,Air,"Trinity Biotech, Plc",2220,732.0,6524.19
BATCH-00175,ARV-003,2025-12-16,2027-12-16,2026-02-21,23,Zimbabwe,Truck,"Strides, Bangalore, India.",92045,5103.0,11604.57
BATCH-00176,ARV-006,2025-07-24,2027-07-24,2025-10-03,12,Haiti,Air,"Aurobindo Unit III, India",5110,1840.0,14866.14
BATCH-00177,ARV-001,2026-02-23,2028-02-23,2026-04-27,50,Haiti,Ocean,"Aurobindo Unit VII, IN",39554,3823.0,11051.22
BATCH-00178,ARV-004,2025-01-22,2027-01-22,2025-02-26,7,Tanzania,Air,"Aurobindo Unit III, India",29489,2670.0,7533.0
BATCH-00179,ARV-007,2025-08-30,2027-08-30,2025-11-13,20,Côte d'Ivoire,Air,"Aurobindo Unit III, India",13860,662.0,3848.91
BATCH-00180,ARV-013,2025-03-07,2027-03-07,2025-04-22,13,Nigeria,Air,"Aurobindo Unit III, India",13380,925.0,9185.15
BATCH-00181,ARV-001,2026-01-01,2028-01-01,2026-03-18,20,Tanzania,Air,"Strides, Bangalore, India.",15041,949.0,4673.77
BATCH-00182,ARV-018,2026-02-14,2028-02-14,2026-02-26,7,Côte d'Ivoire,Air,"Aurobindo Unit III, India",9500,449.0,3051.95
BATCH-00183,ARV-001,2025-03-16,2027-03-16,2025-04-04,13,Tanzania,Air,"Aurobindo Unit III, India",18451,1636.0,6195.24
BATCH-00184,ARV-010,2025-12-30,2027-12-30,2026-04-07,50,Haiti,Ocean,Hetero Unit III Hyderabad IN,33936,14925.0,22100.46
BATCH-00185,ARV-002,2025-03-22,2027-03-22,2025-04-28,13,Nigeria,Air,"Aurobindo Unit III, India",2066,451.0,3487.94
BATCH-00186,ARV-005,2025-06-19,2027-06-19,2025-08-03,12,Guyana,Air,ABBVIE (Abbott) Logis. UK,141,225.0,1831.83
BATCH-00187,ARV-025,2025-08-03,2027-08-03,2025-09-07,7,Côte d'Ivoire,Air,"MSD, Haarlem, NL",1015,257.0,1167.97
BATCH-00188,ARV-001,2026-03-29,2028-03-28,2026-05-11,16,Côte d'Ivoire,Truck,"Cipla, Goa, India",14996,33428.0,49314.37
BATCH-00189,ARV-025,2025-03-31,2027-03-31,2025-06-04,9,Mozambique,Air,"MSD, Haarlem, NL",616,227.0,1943.05
BATCH-00190,ARV-015,2026-03-07,2028-03-06,2026-03-27,10,Guyana,Air,"Aurobindo Unit III, India",2158,196.0,3009.33
BATCH-00191,HRDT-001,2024-10-30,2026-10-30,2025-01-01,16,Zambia,Air,ABBVIE GmbH & Co.KG Wiesbaden,500,171.0,1187.19
BATCH-00192,ARV-001,2025-07-11,2027-07-11,2025-10-19,47,South Africa,Ocean,"Aurobindo Unit III, India",54768,3237.0,10923.46
BATCH-00193,ARV-005,2025-12-18,2027-12-18,2026-02-12,15,"Congo, DRC",Air,ABBVIE (Abbott) Logis. UK,184,288.0,460.91
BATCH-00194,ARV-008,2026-03-23,2028-03-22,2026-05-03,15,Rwanda,Truck,"Aurobindo Unit III, India",2966,1067.0,6310.4
BATCH-00195,ARV-017,2026-01-31,2028-01-31,2026-03-15,30,Tanzania,Truck,Mylan (formerly Matrix) Nashik,43479,4874.0,12435.18
BATCH-00196,ARV-010,2025-10-02,2027-10-02,2025-12-11,28,Rwanda,Ocean,Mylan (formerly Matrix) Nashik,131704,10116.0,24250.15
BATCH-00197,HRDT-002,2025-09-16,2027-09-16,2025-10-26,10,Rwanda,Air,"Trinity Biotech, Plc",873,296.0,6318.92
BATCH-00198,ARV-008,2026-02-14,2028-02-14,2026-03-08,9,Côte d'Ivoire,Truck,"Aurobindo Unit III, India",6750,4919.0,17647.73
BATCH-00199,ARV-009,2025-07-19,2027-07-19,2025-09-18,37,South Africa,Ocean,"Aurobindo Unit III, India",120000,11201.0,13084.26
BATCH-00200,ARV-002,2025-06-18,2027-06-18,2025-08-26,12,Nigeria,Air Charter,"Aurobindo Unit III, India",350,40.0,20264.93
BATCH-00201,ARV-005,2026-04-11,2028-04-10,2026-05-11,11,Zambia,Air,ABBVIE (Abbott) Logis. UK,2266,2277.0,13894.08
BATCH-00202,ARV-002,2025-06-02,2027-06-02,2025-07-06,20,Rwanda,Air,Hetero Unit III Hyderabad IN,34500,2044.0,10883.65
BATCH-00203,ARV-002,2025-10-17,2027-10-17,2025-12-11,13,Haiti,Air,"Aurobindo Unit III, India",2891,156.0,1887.58
BATCH-00204,ARV-007,2025-07-11,2027-07-11,2025-08-11,16,Ethiopia,Air,"Aurobindo Unit III, India",5000,196.0,1229.52
BATCH-00205,HRDT-002,2025-01-30,2027-01-30,2025-04-07,12,Zambia,Air,"Trinity Biotech, Plc",6040,2052.0,24689.0
BATCH-00206,ARV-001,2025-01-18,2027-01-18,2025-03-20,9,Zimbabwe,Air,"Cipla, Goa, India",1860,4091.0,12130.9
BATCH-00207,ARV-006,2025-08-27,2027-08-27,2025-11-11,17,"Congo, DRC",Air,Hetero Unit III Hyderabad IN,43,2.0,91.42
BATCH-00208,ARV-002,2025-09-22,2027-09-22,2025-12-07,21,Rwanda,Air,"Aurobindo Unit III, India",26441,2520.0,25593.87
BATCH-00209,ARV-009,2025-08-12,2027-08-12,2025-10-03,34,South Africa,Ocean,"Cipla, Goa, India",113000,7569.0,11986.59
BATCH-00210,ARV-002,2025-07-04,2027-07-04,2025-08-07,18,Tanzania,Air,"Cipla, Goa, India",20124,2262.0,10536.12
BATCH-00211,ARV-001,2026-01-03,2028-01-03,2026-02-08,13,Zimbabwe,Truck,"Strides, Bangalore, India.",1000,68.0,1004.86
BATCH-00212,ARV-010,2025-11-24,2027-11-24,2026-01-17,24,Uganda,Truck,"Aurobindo Unit VII, IN",26940,2517.0,11803.13
BATCH-00213,ARV-005,2025-09-01,2027-09-01,2025-11-11,18,Haiti,Air,ABBVIE Ludwigshafen Germany,360,46.0,984.39
BATCH-00214,ARV-011,2025-11-08,2027-11-08,2026-01-09,17,Zimbabwe,Truck,Mylan (formerly Matrix) Nashik,40320,4536.0,29733.53
BATCH-00215,ARV-004,2025-08-29,2027-08-29,2025-11-01,24,Uganda,Truck,"Aurobindo Unit III, India",4226,8.0,10891.66
BATCH-00216,HRDT-002,2025-08-19,2027-08-19,2025-10-20,9,Kenya,Air,"Trinity Biotech, Plc",1500,499.0,4976.33
BATCH-00217,ARV-003,2026-01-23,2028-01-23,2026-03-07,3,Nigeria,Air Charter,"Cipla, Goa, India",15,5416.0,29674.92
BATCH-00218,ARV-017,2025-09-10,2027-09-10,2025-10-14,9,Tanzania,Truck,Mylan (formerly Matrix) Nashik,40337,4560.0,1047.17
BATCH-00219,HRDT-001,2026-01-03,2028-01-03,2026-02-11,12,Nigeria,Air,"Alere Medical Co., Ltd.",3056,1241.0,20602.3
BATCH-00220,ARV-005,2026-02-05,2028-02-05,2026-04-07,28,Mozambique,Truck,ABBVIE Ludwigshafen Germany,49000,11107.0,5982.43
BATCH-00221,ARV-002,2025-09-26,2027-09-26,2025-11-03,29,South Africa,Ocean,"Cipla, Goa, India",57925,6220.0,7175.28
BATCH-00222,ARV-006,2025-12-14,2027-12-14,2026-02-14,17,Côte d'Ivoire,Truck,"Strides, Bangalore, India.",1700,75.0,1556.99
BATCH-00223,ARV-001,2025-09-19,2027-09-19,2025-11-14,16,Côte d'Ivoire,Air,"MSD, Haarlem, NL",2052,605.0,1416.03
BATCH-00224,ARV-005,2025-06-18,2027-06-18,2025-08-10,8,Vietnam,Air,ABBVIE Ludwigshafen Germany,1010,255.0,8227.99
BATCH-00225,ARV-001,2025-09-13,2027-09-13,2025-10-27,10,Nigeria,Air Charter,"Strides, Bangalore, India.",15802,1086.0,15322.73
BATCH-00226,HRDT-002,2025-11-15,2027-11-15,2026-01-12,10,Tanzania,Air,"Trinity Biotech, Plc",8460,2753.0,25485.81
BATCH-00227,ARV-024,2025-07-20,2027-07-20,2025-10-03,18,Tanzania,Air,Bristol-Myers Squibb Anagni IT,6357,1272.0,10816.49
BATCH-00228,ARV-013,2024-12-13,2026-12-13,2025-02-01,14,Vietnam,Air,"Strides, Bangalore, India.",95500,9170.0,42453.21
BATCH-00229,ARV-005,2026-01-16,2028-01-16,2026-02-28,14,Haiti,Air,ABBVIE (Abbott) Logis. UK,10,38.0,1347.0
BATCH-00230,ARV-015,2025-04-28,2027-04-28,2025-05-16,8,Nigeria,Air,"Aspen-OSD, Port Elizabeth, SA",32696,2873.0,7363.73
BATCH-00231,ARV-004,2025-06-01,2027-06-01,2025-08-05,18,Zambia,Truck,Hetero Unit III Hyderabad IN,100000,8544.0,11054.56
BATCH-00232,ARV-005,2025-12-24,2027-12-24,2026-03-07,19,Côte d'Ivoire,Air,ABBVIE (Abbott) Logis. UK,600,554.0,5848.39
BATCH-00233,HRDT-003,2025-02-02,2027-02-02,2025-03-22,5,Rwanda,Air,Inverness Japan,1500,340.0,9479.89
BATCH-00234,HRDT-002,2025-11-06,2027-11-06,2026-01-14,17,South Sudan,Air,"Trinity Biotech, Plc",52,24.0,1170.36
BATCH-00235,ARV-017,2025-10-28,2027-10-28,2026-01-06,18,Zambia,Truck,"Cipla, Goa, India",100000,10442.0,11520.85
BATCH-00236,HRDT-002,2025-11-18,2027-11-18,2026-01-22,17,Guyana,Air,"Trinity Biotech, Plc",3140,1024.0,10304.62
BATCH-00237,ARV-002,2025-09-16,2027-09-16,2025-10-27,9,Nigeria,Air Charter,Hetero Unit III Hyderabad IN,60000,9746.0,15322.73
BATCH-00238,HRDT-002,2025-06-10,2027-06-10,2025-07-02,12,Tanzania,Air,"Trinity Biotech, Plc",670,234.0,3163.87
BATCH-00239,ARV-008,2025-09-19,2027-09-19,2025-10-30,36,South Africa,Ocean,GSK Mississauga (Canada),10000,3853.0,4228.61
BATCH-00240,ARV-001,2026-01-05,2028-01-05,2026-02-05,15,Guyana,Air,"Strides, Bangalore, India.",71,395.0,1303.0
BATCH-00241,ARV-013,2025-02-01,2027-02-01,2025-03-08,7,Nigeria,Air,"Aurobindo Unit III, India",1500,178.0,1621.0
BATCH-00242,HRDT-001,2025-05-01,2027-05-01,2025-06-29,14,Zambia,Air,Inverness Japan,2000,590.0,5962.58
BATCH-00243,ARV-006,2026-04-10,2028-04-09,2026-05-16,6,Vietnam,Air,Hetero Unit III Hyderabad IN,15400,2486.0,3775.5
BATCH-00244,HRDT-013,2025-06-15,2027-06-15,2025-07-07,16,Tanzania,Air,"Standard Diagnostics, Korea",9720,3240.0,36096.76
BATCH-00245,ARV-003,2025-02-10,2027-02-10,2025-03-13,15,Nigeria,Air,"Aurobindo Unit III, India",12984,3286.0,18208.0
BATCH-00246,ARV-005,2026-01-17,2028-01-17,2026-03-22,6,Ghana,Air,"Aurobindo Unit III, India",3393,915.0,6006.37
BATCH-00247,ARV-005,2025-06-17,2027-06-17,2025-09-01,17,Rwanda,Air,Cipla Ltd A-42 MIDC Mahar. IN,7634,2386.0,1398.0
BATCH-00248,ARV-017,2025-12-25,2027-12-25,2026-02-27,39,Zambia,Ocean,"Aurobindo Unit VII, IN",77654,8725.0,54417.75
BATCH-00249,ARV-025,2025-04-26,2027-04-26,2025-07-02,18,Uganda,Air,"MSD, Haarlem, NL",48,11.0,48.0
BATCH-00250,ARV-005,2026-01-04,2028-01-04,2026-02-22,5,Rwanda,Air,ABBVIE Ludwigshafen Germany,500,65.0,985.26
BATCH-00251,ARV-004,2025-09-30,2027-09-30,2025-12-03,8,Rwanda,Air,"Aurobindo Unit III, India",29880,2699.0,16152.0
BATCH-00252,ARV-001,2025-07-27,2027-07-27,2025-10-01,13,Côte d'Ivoire,Air,"MSD, Haarlem, NL",5196,1489.0,2093.31
BATCH-00253,ARV-013,2025-03-05,2027-03-05,2025-04-21,8,Haiti,Air,"Aurobindo Unit III, India",1500,235.0,3022.74
BATCH-00254,ARV-001,2025-05-16,2027-05-16,2025-06-21,10,Côte d'Ivoire,Air,"Aurobindo Unit III, India",15000,1582.0,6037.19
BATCH-00255,ARV-003,2026-02-12,2028-02-12,2026-04-08,16,Ghana,Air,"Aurobindo Unit III, India",29107,3647.0,18545.17
BATCH-00256,ARV-018,2026-03-23,2028-03-22,2026-05-14,30,Haiti,Ocean,Mylan (formerly Matrix) Nashik,3300,16350.0,16028.78
BATCH-00257,ARV-002,2025-07-23,2027-07-23,2025-09-01,16,Côte d'Ivoire,Air,"Strides, Bangalore, India.",233,1161.0,7826.75
BATCH-00258,ARV-002,2025-03-22,2027-03-22,2025-05-08,9,Zambia,Truck,Hetero Unit III Hyderabad IN,44432,2503.0,3629.37
BATCH-00259,ARV-006,2025-02-23,2027-02-23,2025-04-11,11,Nigeria,Truck,"Aurobindo Unit III, India",1000,346.0,1988.9
BATCH-00260,ARV-002,2025-03-19,2027-03-19,2025-05-08,14,Vietnam,Air,"Aurobindo Unit III, India",6000,581.0,2653.27
BATCH-00261,HRDT-006,2026-01-19,2028-01-19,2026-03-04,18,Rwanda,Air,"KHB Test Kit Facility, Shanghai China",2988,1992.0,26266.34
BATCH-00262,ARV-007,2025-03-13,2027-03-13,2025-04-16,7,Uganda,Air,"Aurobindo Unit III, India",4296,1600.0,10314.28
BATCH-00263,ARV-003,2026-02-13,2028-02-13,2026-03-04,14,Zimbabwe,Truck,Mylan (formerly Matrix) Nashik,290000,16192.0,18090.64
BATCH-00264,ARV-007,2025-07-04,2027-07-04,2025-08-31,20,South Africa,Air,"Aurobindo Unit III, India",8366,458.0,1697.9
BATCH-00265,ARV-007,2025-01-18,2027-01-18,2025-03-16,21,Ethiopia,Air,"Aurobindo Unit III, India",1926,807.0,2511.67
BATCH-00266,HRDT-002,2025-12-25,2027-12-25,2026-03-05,14,"Congo, DRC",Air,"Trinity Biotech, Plc",32,54.0,2734.02
BATCH-00267,ARV-005,2025-11-07,2027-11-07,2025-12-21,12,Vietnam,Air,ABBVIE Ludwigshafen Germany,396,53.0,439.17
BATCH-00268,HRDT-005,2025-01-26,2027-01-26,2025-03-07,10,Tanzania,Air,"Standard Diagnostics, Korea",10000,3336.0,28837.28
BATCH-00269,ARV-012,2025-08-26,2027-08-26,2025-09-24,21,Zimbabwe,Truck,"Cipla, Goa, India",88719,11668.0,15697.15
BATCH-00270,ARV-002,2025-03-29,2027-03-29,2025-04-28,15,Zambia,Air,"Aurobindo Unit III, India",9408,893.0,6269.7
BATCH-00271,HRDT-001,2025-12-04,2027-12-04,2026-01-06,10,Nigeria,Air,"Alere Medical Co., Ltd.",2880,1249.0,26380.35
BATCH-00272,ARV-003,2025-12-29,2027-12-29,2026-01-30,7,Côte d'Ivoire,Truck,Mylan (formerly Matrix) Nashik,7600,415.0,2751.09
BATCH-00273,ARV-015,2025-09-24,2027-09-24,2025-10-28,10,Zambia,Truck,Mylan (formerly Matrix) Nashik,113925,9875.0,14325.71
BATCH-00274,ARV-008,2025-03-21,2027-03-21,2025-05-07,21,Vietnam,Air,"Aurobindo Unit III, India",880,331.0,2771.84
BATCH-00275,HRDT-004,2024-12-22,2026-12-22,2025-02-19,12,Nigeria,Air,Chembio Diagnostics Sys. Inc.,10000,3045.0,28118.58
BATCH-00276,ARV-006,2025-06-16,2027-06-16,2025-07-11,13,Uganda,Air,"Aurobindo Unit III, India",6985,336.0,2528.69
BATCH-00277,ARV-009,2025-10-22,2027-10-22,2025-11-26,12,Libya,Air,"Aurobindo Unit III, India",2816,231.0,1474.9
BATCH-00278,ARV-002,2025-06-18,2027-06-18,2025-08-23,53,South Africa,Ocean,"Strides, Bangalore, India.",116000,7193.0,8559.24
BATCH-00279,ARV-005,2026-03-09,2028-03-08,2026-04-07,8,Mozambique,Truck,"Aurobindo Unit III, India",14480,7039.0,5192.68
BATCH-00280,ARV-005,2026-02-19,2028-02-19,2026-04-08,6,Uganda,Air,ABBVIE Ludwigshafen Germany,724,82.0,1042.36
BATCH-00281,ARV-005,2026-02-09,2028-02-09,2026-02-25,9,Côte d'Ivoire,Air,ABBVIE Ludwigshafen Germany,4600,535.0,5924.33
BATCH-00282,ARV-025,2025-07-13,2027-07-13,2025-08-18,13,Côte d'Ivoire,Air,"MSD, Haarlem, NL",1000,254.0,881.33
BATCH-00283,HRDT-005,2025-03-06,2027-03-06,2025-04-04,23,Zimbabwe,Truck,"Standard Diagnostics, Korea",5693,1740.0,8008.65
BATCH-00284,HRDT-001,2025-11-08,2027-11-08,2026-01-17,13,Côte d'Ivoire,Air,"Alere Medical Co., Ltd.",2954,1284.0,125.42
BATCH-00285,ARV-003,2026-01-21,2028-01-21,2026-03-23,17,Mozambique,Truck,"Cipla, Goa, India",74623,10073.0,7048.57
BATCH-00286,ARV-004,2025-11-22,2027-11-22,2025-12-30,20,Vietnam,Air,Mylan (formerly Matrix) Nashik,3434,876.0,2183.92
BATCH-00287,ARV-023,2026-01-21,2028-01-21,2026-02-12,7,Uganda,Air,"Aspen-OSD, Port Elizabeth, SA",841,169.0,359.53
BATCH-00288,ARV-016,2026-03-08,2028-03-07,2026-04-07,20,Mozambique,Truck,"Strides, Bangalore, India.",26700,1307.0,1482.7
BATCH-00289,ARV-002,2026-01-27,2028-01-27,2026-03-19,20,Zimbabwe,Truck,"Micro labs, Verna, Goa, India",100000,64918.0,43218.07
BATCH-00290,HRDT-005,2025-02-15,2027-02-15,2025-04-15,13,Zimbabwe,Air,"Standard Diagnostics, Korea",9700,2907.0,12781.58
BATCH-00291,ARV-005,2025-11-23,2027-11-23,2026-01-17,18,Haiti,Air,ABBVIE (Abbott) Logis. UK,100,164.0,2419.33
BATCH-00292,HRDT-008,2024-12-26,2026-12-26,2025-02-26,9,Haiti,Air,"Pacific Biotech, Thailand",25,60.0,3097.85
BATCH-00293,ARV-005,2025-04-07,2027-04-07,2025-05-21,21,Tanzania,Air,ABBVIE Ludwigshafen Germany,12500,3088.0,12937.16
BATCH-00294,ARV-002,2025-07-04,2027-07-04,2025-07-30,6,Nigeria,Air Charter,"Aurobindo Unit III, India",15299,1792.0,9736.1
BATCH-00295,ARV-003,2025-09-02,2027-09-02,2025-10-17,14,Côte d'Ivoire,Air,"Aurobindo Unit III, India",12169,7916.0,21397.38
BATCH-00296,HRDT-001,2026-03-27,2028-03-26,2026-04-25,13,Uganda,Air,"Alere Medical Co., Ltd.",4872,1978.0,16876.25
BATCH-00297,ARV-001,2025-06-07,2027-06-07,2025-08-23,19,Uganda,Air,Mylan (formerly Matrix) Nashik,27304,13087.0,56372.66
BATCH-00298,ARV-001,2025-12-04,2027-12-04,2026-01-05,17,Zimbabwe,Truck,"Hetero, Jadcherla, unit 5, IN",4800,3082.0,9405.8
BATCH-00299,ARV-005,2025-11-30,2027-11-30,2026-01-09,9,Vietnam,Air,ABBVIE Ludwigshafen Germany,4164,992.0,3212.25
BATCH-00300,HRDT-001,2025-09-03,2027-09-03,2025-10-11,5,Côte d'Ivoire,Air,Inverness Japan,494,240.0,7681.19
BATCH-00301,HRDT-001,2025-07-11,2027-07-11,2025-07-30,11,Zimbabwe,Air,Inverness Japan,1845,1000.0,18841.09
BATCH-00302,ARV-019,2025-08-10,2027-08-10,2025-09-28,19,Nigeria,Air,ABBVIE Ludwigshafen Germany,448,68.0,1123.14
BATCH-00303,ARV-005,2025-09-02,2027-09-02,2025-10-07,5,Haiti,Air,ABBVIE (Abbott) Logis. UK,90,126.0,1767.91
BATCH-00304,ARV-004,2026-02-09,2028-02-09,2026-03-11,11,Nigeria,Air Charter,Mylan (formerly Matrix) Nashik,92125,7982.0,45180.63
BATCH-00305,ARV-011,2025-11-27,2027-11-27,2025-12-23,14,Cameroon,Air,Mylan (formerly Matrix) Nashik,26204,3176.0,27939.91
BATCH-00306,ARV-001,2025-07-26,2027-07-26,2025-08-09,7,Uganda,Air,Mylan (formerly Matrix) Nashik,950,76.0,1017.15
BATCH-00307,ARV-016,2026-04-06,2028-04-05,2026-04-25,14,Mozambique,Truck,Hetero Unit III Hyderabad IN,7442,12408.0,15645.33
BATCH-00308,HRDT-002,2025-06-17,2027-06-17,2025-08-01,14,Botswana,Air,"Trinity Biotech, Plc",25,10.0,559.89
BATCH-00309,ARV-014,2025-07-24,2027-07-24,2025-08-12,10,Vietnam,Air,"Aurobindo Unit III, India",168,2046.0,14405.31
BATCH-00310,HRDT-001,2025-08-26,2027-08-26,2025-10-28,6,Zimbabwe,Air,"Alere Medical Co., Ltd.",1800,885.0,17806.34
BATCH-00311,ARV-002,2025-08-25,2027-08-25,2025-09-28,16,Zambia,Air,"Aurobindo Unit III, India",10000,3637.0,9499.46
BATCH-00312,ARV-003,2025-08-17,2027-08-17,2025-10-12,16,Côte d'Ivoire,Air,Mylan (formerly Matrix) Nashik,160058,26409.0,60432.88
BATCH-00313,ARV-002,2025-01-16,2027-01-16,2025-03-06,7,Vietnam,Air,"Aurobindo Unit III, India",1000,941.0,4193.49
BATCH-00314,ARV-006,2025-05-17,2027-05-17,2025-06-27,9,Côte d'Ivoire,Air,"Aurobindo Unit III, India",819,284.0,1668.76
BATCH-00315,HRDT-001,2024-11-12,2026-11-12,2025-01-13,9,Côte d'Ivoire,Air,ABBVIE GmbH & Co.KG Wiesbaden,850,291096.0,156.97
BATCH-00316,ARV-003,2026-02-12,2028-02-12,2026-03-11,16,Haiti,Air,"Strides, Bangalore, India.",2581,110.0,1955.22
BATCH-00317,ARV-009,2025-06-26,2027-06-26,2025-07-30,17,Vietnam,Air,Mylan (formerly Matrix) Nashik,4536,266.0,3678.45
BATCH-00318,ARV-012,2025-04-16,2027-04-16,2025-05-21,17,Mozambique,Air,"Strides, Bangalore, India.",32067,2382.0,3671.92
BATCH-00319,ARV-006,2025-11-06,2027-11-06,2025-11-30,12,Nigeria,Air Charter,Hetero Unit III Hyderabad IN,10020,645.0,16532.5
BATCH-00320,ARV-012,2025-09-29,2027-09-29,2025-11-14,25,Zambia,Truck,"Strides, Bangalore, India.",50000,10381.0,8510.81
BATCH-00321,ARV-009,2025-08-25,2027-08-25,2025-10-22,36,South Africa,Ocean,"Cipla, Goa, India",113000,7663.0,9560.03
BATCH-00322,HRDT-001,2025-04-26,2027-04-26,2025-06-18,6,Nigeria,Air,Inverness Japan,6395,1915.0,24514.33
BATCH-00323,HRDT-004,2025-11-26,2027-11-26,2026-01-01,15,Côte d'Ivoire,Air,Chembio Diagnostics Sys. Inc.,2424,621.0,7811.66
BATCH-00324,ARV-005,2025-04-25,2027-04-25,2025-07-07,20,Haiti,Air,ABBVIE Ludwigshafen Germany,45,13.0,928.11
BATCH-00325,ARV-015,2025-09-02,2027-09-02,2025-11-09,21,Zambia,Air,"Aurobindo Unit III, India",100000,9390.0,45118.64
BATCH-00326,HRDT-002,2025-07-31,2027-07-31,2025-10-01,8,Sudan,Air,"Trinity Biotech, Plc",207,71.0,1626.67
BATCH-00327,ARV-028,2025-01-30,2027-01-30,2025-02-18,9,Mozambique,Air,GSK Ware (UK),1019,138.0,439.17
BATCH-00328,HRDT-006,2026-02-19,2028-02-19,2026-04-24,5,Rwanda,Air,"KHB Test Kit Facility, Shanghai China",4014,2676.0,35281.73
BATCH-00329,ARV-004,2025-12-03,2027-12-03,2026-01-14,4,Nigeria,Air Charter,"Aurobindo Unit III, India",35000,12877.0,20666.07
BATCH-00330,ARV-003,2025-09-16,2027-09-16,2025-11-22,8,Nigeria,Air Charter,"Aurobindo Unit III, India",220000,28776.0,17090.0
BATCH-00331,ARV-002,2025-06-29,2027-06-29,2025-08-06,14,Côte d'Ivoire,Air,"Strides, Bangalore, India.",12000,733.0,5121.68
BATCH-00332,ARV-011,2025-11-30,2027-11-30,2026-02-06,11,Vietnam,Air,Mylan (formerly Matrix) Nashik,11500,1295.0,2021.05
BATCH-00333,HRDT-006,2026-01-29,2028-01-29,2026-03-17,10,Rwanda,Air,"KHB Test Kit Facility, Shanghai China",4156,2771.0,36502.8
BATCH-00334,ARV-003,2025-02-07,2027-02-07,2025-03-06,19,Vietnam,Air,"Aurobindo Unit III, India",3000,332.0,4454.62
BATCH-00335,HRDT-006,2025-10-28,2027-10-28,2025-12-06,12,Ethiopia,Air,"KHB Test Kit Facility, Shanghai China",25004,17367.0,161962.32
BATCH-00336,ARV-002,2026-01-07,2028-01-07,2026-02-14,26,Zambia,Truck,Hetero Unit III Hyderabad IN,180892,6502.0,34400.04
BATCH-00337,ARV-019,2025-09-28,2027-09-28,2025-12-14,21,Vietnam,Air,ABBVIE Ludwigshafen Germany,326,34.0,404.78
BATCH-00338,ARV-006,2026-04-02,2028-04-01,2026-05-07,14,Zambia,Truck,Hetero Unit III Hyderabad IN,68000,6221.0,9341.81
BATCH-00339,ARV-004,2025-10-23,2027-10-23,2025-11-17,8,Burundi,Air,Mylan (formerly Matrix) Nashik,15,5256.0,9506.0
BATCH-00340,ARV-001,2025-10-17,2027-10-17,2025-12-12,21,Tanzania,Air,"Aurobindo Unit III, India",64980,5578.0,18826.62
BATCH-00341,ARV-014,2025-07-31,2027-07-31,2025-09-12,15,Tanzania,Air,"Aurobindo Unit III, India",2292,617.0,1647.0
BATCH-00342,ARV-018,2026-03-14,2028-03-13,2026-04-02,9,Uganda,Air,"Cipla, Patalganga, India",3273,389.0,2786.61
BATCH-00343,ARV-016,2025-01-31,2027-01-31,2025-04-11,21,Zimbabwe,Truck,"Cipla, Goa, India",1600,96.0,2145.17
BATCH-00344,ARV-011,2025-12-18,2027-12-18,2026-02-26,19,Côte d'Ivoire,Truck,Hetero Unit III Hyderabad IN,50510,6766.0,18278.07
BATCH-00345,ARV-013,2025-08-10,2027-08-10,2025-10-14,20,Guyana,Air,"Aurobindo Unit III, India",21,294.0,4338.44
BATCH-00346,HRDT-002,2025-08-27,2027-08-27,2025-11-07,34,Mozambique,Ocean,"Trinity Biotech, Plc",7400,2471.0,33872.84
BATCH-00347,ARV-005,2026-02-28,2028-02-28,2026-04-17,21,Guyana,Air,ABBVIE Ludwigshafen Germany,1184,251.0,3247.35
BATCH-00348,ARV-004,2026-02-25,2028-02-25,2026-04-29,29,Mozambique,Truck,Hetero Unit III Hyderabad IN,139000,12307.0,8191.96
BATCH-00349,ARV-001,2025-11-23,2027-11-23,2026-01-06,11,Mozambique,Truck,"Hetero, Jadcherla, unit 5, IN",38000,3140.0,7733.77
BATCH-00350,ARV-003,2025-12-02,2027-12-02,2025-12-26,10,Mozambique,Truck,"Cipla, Goa, India",84875,18031.0,7433.02
BATCH-00351,ARV-021,2025-06-06,2027-06-06,2025-06-29,14,Mozambique,Air,Roche Basel,168,85.0,1139.5
BATCH-00352,ARV-018,2026-03-12,2028-03-11,2026-04-04,5,Rwanda,Air,"Cipla, Patalganga, India",8953,805.0,6220.48
BATCH-00353,ARV-015,2025-04-28,2027-04-28,2025-06-06,10,Uganda,Air,"Aspen-OSD, Port Elizabeth, SA",260,28.0,1180.71
BATCH-00354,HRDT-002,2025-11-10,2027-11-10,2025-12-05,12,Ethiopia,Air,"Trinity Biotech, Plc",167,60.0,911.32
BATCH-00355,HRDT-001,2025-10-27,2027-10-27,2025-11-27,21,Kenya,Air,"Alere Medical Co., Ltd.",1,985.0,11034.01
BATCH-00356,HRDT-001,2025-11-21,2027-11-21,2026-02-01,21,Pakistan,Air,"Alere Medical Co., Ltd.",4484,1948.0,21689.39
BATCH-00357,ARV-011,2026-02-04,2028-02-04,2026-03-08,7,Vietnam,Air,Hetero Unit III Hyderabad IN,24556,3443.0,6323.76
BATCH-00358,ARV-004,2025-02-11,2027-02-11,2025-04-09,20,Nigeria,Air,"Aurobindo Unit III, India",1887,273.0,2446.58
BATCH-00359,ARV-006,2025-07-13,2027-07-13,2025-09-12,28,South Africa,Ocean,"Aurobindo Unit III, India",130828,6525.0,10984.82
BATCH-00360,ARV-018,2025-10-29,2027-10-29,2026-01-06,24,Zimbabwe,Truck,Mylan (formerly Matrix) Nashik,270,18.0,1100.0
BATCH-00361,ARV-002,2025-05-01,2027-05-01,2025-07-04,19,Uganda,Air,"Aurobindo Unit III, India",10453,1001.0,3228.26
BATCH-00362,HRDT-011,2025-09-26,2027-09-26,2025-11-06,20,Sudan,Air,"Alere Medical Co., Ltd.",3,2.0,1076.15
BATCH-00363,HRDT-003,2025-01-28,2027-01-28,2025-03-28,8,Nigeria,Air,Inverness Japan,3000,861.0,12770.05
BATCH-00364,ARV-010,2026-03-13,2028-03-12,2026-04-18,11,Nigeria,Air Charter,"Cipla, Kurkumbh, India",4,34119.0,69737.0
BATCH-00365,ARV-002,2025-02-13,2027-02-13,2025-04-13,9,Zambia,Truck,Hetero Unit III Hyderabad IN,55560,3224.0,4217.45
BATCH-00366,ARV-017,2025-09-29,2027-09-29,2025-11-14,19,Tanzania,Truck,Mylan (formerly Matrix) Nashik,131280,15032.0,3279.25
BATCH-00367,ARV-006,2026-02-11,2028-02-11,2026-03-12,18,Zambia,Truck,"Micro labs, Verna, Goa, India",10391,633.0,886.11
BATCH-00368,ARV-003,2025-06-23,2027-06-23,2025-08-22,14,Uganda,Truck,"Aurobindo Unit III, India",30000,4050.0,15759.47
BATCH-00369,HRDT-008,2025-08-21,2027-08-21,2025-09-01,5,Haiti,Air,"Orasure Technologies, Inc",85,187.0,3254.23
BATCH-00370,ARV-007,2025-05-06,2027-05-06,2025-07-10,18,Haiti,Air,"Aurobindo Unit III, India",3648,2571.0,26830.44
BATCH-00371,HRDT-001,2025-10-31,2027-10-31,2025-11-17,10,Mozambique,Air,"Alere Medical Co., Ltd.",3094,1477.0,27686.29
BATCH-00372,ARV-010,2025-12-26,2027-12-26,2026-02-02,22,Côte d'Ivoire,Truck,"Aurobindo Unit VII, IN",12180,1208.0,3738.52
BATCH-00373,HRDT-001,2026-03-18,2028-03-17,2026-05-06,11,Sierra Leone,Air,"Alere Medical Co., Ltd.",4000,1556.0,28703.53
BATCH-00374,HRDT-006,2025-02-22,2027-02-22,2025-04-30,11,Ethiopia,Air,"KHB Test Kit Facility, Shanghai China",7002,5057.0,44347.71
BATCH-00375,ARV-005,2024-11-18,2026-11-18,2025-01-04,20,Vietnam,Air,ABBVIE (Abbott) St. P'burg USA,198,389.0,7286.16
BATCH-00376,ARV-010,2026-02-04,2028-02-04,2026-02-24,9,Rwanda,Truck,"Aurobindo Unit VII, IN",29993,4883.0,7708.3
BATCH-00377,HRDT-006,2025-04-02,2027-04-02,2025-05-06,17,Ethiopia,Air,"KHB Test Kit Facility, Shanghai China",6998,4913.0,46117.09
BATCH-00378,ARV-001,2025-02-05,2027-02-05,2025-04-17,17,Vietnam,Air,Mylan (formerly Matrix) Nashik,10080,772.0,4408.29
BATCH-00379,HRDT-001,2024-12-15,2026-12-15,2025-02-08,11,Haiti,Air,ABBVIE GmbH & Co.KG Wiesbaden,1000,343.0,2802.42
BATCH-00380,ARV-001,2025-03-29,2027-03-29,2025-04-17,9,Nigeria,Air,"Aurobindo Unit III, India",11527,1994.0,10231.84
BATCH-00381,ARV-002,2025-09-30,2027-09-30,2025-11-02,7,Mozambique,Truck,"Aurobindo Unit III, India",13994,5269.0,4480.45
BATCH-00382,ARV-002,2026-02-22,2028-02-22,2026-04-02,20,South Sudan,Air,"Aurobindo Unit III, India",2538,165.0,1960.89
BATCH-00383,ARV-001,2025-05-12,2027-05-12,2025-06-24,29,Zambia,Truck,"Emcure Plot No.P-2, I.T-B.T. Park, Phase II, MIDC, Hinjwadi, Pune, India",27941,1970.0,6759.28
BATCH-00384,ARV-012,2025-02-15,2027-02-15,2025-04-19,12,Zimbabwe,Truck,"Cipla, Goa, India",66268,6606.0,22666.98
BATCH-00385,ARV-001,2025-09-08,2027-09-08,2025-10-21,5,Rwanda,Air,"Aurobindo Unit III, India",500,30.0,1309.03
BATCH-00386,ARV-005,2026-01-21,2028-01-21,2026-02-11,7,Uganda,Air,ABBVIE Ludwigshafen Germany,13164,2722.0,8604.7
BATCH-00387,ARV-020,2025-11-21,2027-11-21,2026-01-06,6,Côte d'Ivoire,Air,Mylan (formerly Matrix) Nashik,1400,364.0,4171.65
BATCH-00388,HRDT-001,2025-09-14,2027-09-14,2025-10-30,19,Sudan,Air,"Alere Medical Co., Ltd.",115,53.0,1614.83
BATCH-00389,HRDT-001,2026-04-05,2028-04-04,2026-05-03,20,Mozambique,Air,"Alere Medical Co., Ltd.",5500,2139.0,19193.57
BATCH-00390,ARV-015,2025-07-11,2027-07-11,2025-08-13,4,Nigeria,Air Charter,Mylan (formerly Matrix) Nashik,30000,2700.0,6147.18
BATCH-00391,ARV-013,2025-02-19,2027-02-19,2025-03-23,17,Côte d'Ivoire,Air,"Aurobindo Unit III, India",5900,2093.0,5962.31
BATCH-00392,ARV-003,2026-01-05,2028-01-05,2026-02-03,11,Côte d'Ivoire,Truck,Hetero Unit III Hyderabad IN,60000,8750.0,28864.27
BATCH-00393,ARV-001,2026-01-29,2028-01-29,2026-03-29,6,Nigeria,Air Charter,"Aurobindo Unit III, India",10230,1505.0,10060.0
BATCH-00394,ARV-011,2026-02-14,2028-02-14,2026-04-14,15,Vietnam,Air,Hetero Unit III Hyderabad IN,19200,2719.0,4084.56
BATCH-00395,HRDT-002,2025-06-02,2027-06-02,2025-07-01,17,Namibia,Air,"Trinity Biotech, Plc",25,10.0,751.43
BATCH-00396,ARV-004,2026-01-04,2028-01-04,2026-03-15,19,Burundi,Air,Hetero Unit III Hyderabad IN,790,186.0,29.21
BATCH-00397,ARV-005,2025-01-16,2027-01-16,2025-02-26,5,Vietnam,Air,ABBVIE Ludwigshafen Germany,500,117.0,1767.38
BATCH-00398,ARV-017,2025-07-28,2027-07-28,2025-09-23,4,Nigeria,Air Charter,Mylan (formerly Matrix) Nashik,19836,2164.0,12601.06
BATCH-00399,ARV-015,2024-11-28,2026-11-28,2025-01-22,9,Zambia,Air,Gilead(Nycomed) Oranienburg DE,14851,1244.0,6546.69
BATCH-00400,HRDT-002,2025-02-05,2027-02-05,2025-03-10,10,Mozambique,Air,"Trinity Biotech, Plc",4500,1482.0,1566.19
BATCH-00401,ARV-003,2025-06-28,2027-06-28,2025-08-13,12,Nigeria,Air Charter,"Aurobindo Unit III, India",32040,4212.0,6147.18
BATCH-00402,HRDT-001,2026-01-25,2028-01-25,2026-03-18,18,Côte d'Ivoire,Air,"Alere Medical Co., Ltd.",1500,606.0,8158.8
BATCH-00403,ARV-001,2026-03-02,2028-03-01,2026-04-25,10,Haiti,Air,"Hetero, Jadcherla, unit 5, IN",56352,4792.0,30046.84
BATCH-00404,ARV-006,2025-10-03,2027-10-03,2025-11-11,21,"Congo, DRC",Air,Hetero Unit III Hyderabad IN,24,2.0,522.42
BATCH-00405,ARV-014,2025-03-12,2027-03-12,2025-04-17,13,Vietnam,Air,"BMS Meymac, France",400,82.0,2211.05
BATCH-00406,ARV-003,2026-01-01,2028-01-01,2026-02-01,13,Tanzania,Air,"Cipla, Goa, India",60000,7857.0,40857.69
BATCH-00407,ARV-020,2026-03-09,2028-03-08,2026-04-11,12,Côte d'Ivoire,Air,Mylan (formerly Matrix) Nashik,1000,140.0,2782.77
BATCH-00408,ARV-007,2024-12-23,2026-12-23,2025-01-12,7,Guyana,Air,"Aurobindo Unit III, India",245,13.0,1020.6
BATCH-00409,ARV-006,2025-05-29,2027-05-29,2025-06-25,20,Ethiopia,Air,Mylan (formerly Matrix) Nashik,4500,658.0,4311.22
BATCH-00410,HRDT-001,2025-10-20,2027-10-20,2025-12-20,5,Tanzania,Air,"Alere Medical Co., Ltd.",840,405.0,7765.61
BATCH-00411,ARV-001,2025-05-19,2027-05-19,2025-06-04,7,Haiti,Air,"MSD, Haarlem, NL",98,28.0,988.24
BATCH-00412,ARV-015,2025-05-18,2027-05-18,2025-07-18,8,Côte d'Ivoire,Air,"Aspen-OSD, Port Elizabeth, SA",3120,275.0,1949.42
BATCH-00413,ARV-007,2025-09-20,2027-09-20,2025-10-30,35,South Africa,Ocean,"Aurobindo Unit III, India",92887,4810.0,6599.86
BATCH-00414,ARV-001,2026-01-27,2028-01-27,2026-03-22,7,Ghana,Air,"Strides, Bangalore, India.",60000,3862.0,31401.36
BATCH-00415,ARV-001,2025-09-05,2027-09-05,2025-10-01,3,Nigeria,Air Charter,Mylan (formerly Matrix) Nashik,57468,4915.0,13398.06
BATCH-00416,ARV-004,2025-10-19,2027-10-19,2025-11-30,9,Nigeria,Air Charter,"Cipla, Goa, India",52378,7666.0,16532.5
BATCH-00417,HRDT-001,2025-01-26,2027-01-26,2025-03-08,21,Mozambique,Air,ABBVIE GmbH & Co.KG Wiesbaden,4000,2526.0,1871.05
BATCH-00418,ARV-004,2025-04-28,2027-04-28,2025-06-02,4,Nigeria,Air Charter,"Aurobindo Unit III, India",10000,905.0,15128.37
BATCH-00419,HRDT-006,2026-02-12,2028-02-12,2026-03-23,10,Ethiopia,Air,"KHB Test Kit Facility, Shanghai China",7527,5020.0,78813.53
BATCH-00420,HRDT-002,2025-10-26,2027-10-26,2025-12-12,13,Mozambique,Air,"Trinity Biotech, Plc",427,149.0,3165.69
BATCH-00421,HRDT-004,2025-10-28,2027-10-28,2025-12-13,20,Côte d'Ivoire,Air,Chembio Diagnostics Sys. Inc.,3678,1056.0,12363.35
BATCH-00422,ARV-004,2025-11-30,2027-11-30,2026-01-12,9,Nigeria,Air Charter,"Aurobindo Unit III, India",9627,486.0,14547.55
BATCH-00423,HRDT-002,2025-09-09,2027-09-09,2025-11-16,18,Ethiopia,Air,"Trinity Biotech, Plc",165,138.0,794.72
BATCH-00424,ARV-011,2026-03-10,2028-03-09,2026-04-27,20,Mozambique,Truck,Hetero Unit III Hyderabad IN,15654,112027.0,79514.44
BATCH-00425,HRDT-005,2025-06-03,2027-06-03,2025-07-09,12,Kenya,Air,"Standard Diagnostics, Korea",9475,3158.0,24172.01
BATCH-00426,HRDT-002,2025-11-08,2027-11-08,2025-11-28,8,Malawi,Air,"Trinity Biotech, Plc",246,86.0,3133.86
BATCH-00427,ARV-002,2025-12-09,2027-12-09,2026-01-13,11,Nigeria,Air Charter,"Strides, Bangalore, India.",57227,4844.0,21591.1
BATCH-00428,HRDT-001,2025-08-11,2027-08-11,2025-09-09,18,Kenya,Air,Inverness Japan,2849,783.0,9162.21
BATCH-00429,ARV-015,2025-05-28,2027-05-28,2025-06-17,5,Guyana,Air,Gilead(Nycomed) Oranienburg DE,4900,390.0,2748.16
BATCH-00430,ARV-008,2025-08-10,2027-08-10,2025-10-23,17,Vietnam,Air,Mylan (formerly Matrix) Nashik,408,42.0,4388.84
BATCH-00431,ARV-001,2025-09-03,2027-09-03,2025-10-10,28,South Africa,Ocean,"Aurobindo Unit III, India",97753,5778.0,14558.87
BATCH-00432,HRDT-001,2026-02-14,2028-02-14,2026-04-03,17,Côte d'Ivoire,Air,"Alere Medical Co., Ltd.",1470,595.0,7651.46
BATCH-00433,ARV-002,2026-01-14,2028-01-14,2026-03-16,11,Zimbabwe,Air Charter,"Micro labs, Verna, Goa, India",55000,5810.0,46213.4
BATCH-00434,ARV-007,2025-09-05,2027-09-05,2025-11-08,7,South Sudan,Air,Hetero Unit III Hyderabad IN,6200,2652.0,22788.95
BATCH-00435,ARV-008,2025-06-09,2027-06-09,2025-07-04,12,Côte d'Ivoire,Air,Mylan (formerly Matrix) Nashik,2590,257.0,1211.48
BATCH-00436,HRDT-001,2026-03-14,2028-03-13,2026-04-03,7,Burundi,Air,"Alere Medical Co., Ltd.",3484,1415.0,33228.68
BATCH-00437,ARV-002,2025-07-17,2027-07-17,2025-09-25,45,South Africa,Ocean,"Aurobindo Unit III, India",4529,1679.0,3524.93
BATCH-00438,ARV-012,2025-04-20,2027-04-20,2025-06-23,29,Zambia,Truck,"Cipla, Goa, India",52481,5586.0,6759.28
BATCH-00439,ARV-004,2024-11-27,2026-11-27,2025-01-29,6,Rwanda,Air,"Cipla, Goa, India",10000,7416.0,64179.42
BATCH-00440,ARV-004,2026-03-07,2028-03-06,2026-03-29,6,Nigeria,Air Charter,"Aurobindo Unit III, India",105344,10622.0,61850.0
BATCH-00441,ARV-005,2025-09-28,2027-09-28,2025-11-02,21,Rwanda,Air,ABBVIE Ludwigshafen Germany,1395,188.0,3035.87
BATCH-00442,ARV-012,2025-03-24,2027-03-24,2025-04-21,10,Mozambique,Air,"Strides, Bangalore, India.",38975,13123.0,9161.95
BATCH-00443,ARV-009,2025-06-18,2027-06-18,2025-08-17,7,Dominican Republic,Air,Mylan (formerly Matrix) Nashik,2000,111.0,1254.61
BATCH-00444,ARV-004,2025-12-03,2027-12-03,2025-12-22,13,Vietnam,Air,Hetero Unit III Hyderabad IN,10158,941.0,1934.17
BATCH-00445,HRDT-001,2025-10-29,2027-10-29,2025-12-06,13,Mozambique,Air,"Alere Medical Co., Ltd.",5000,2384.0,43848.04
BATCH-00446,HRDT-008,2025-04-02,2027-04-02,2025-04-29,16,Haiti,Air,"Pacific Biotech, Thailand",28,109.0,782.13
BATCH-00447,ARV-005,2025-11-03,2027-11-03,2025-11-26,10,Ethiopia,Air,ABBVIE (Abbott) Logis. UK,700,1050.0,4672.77
BATCH-00448,HRDT-001,2024-12-09,2026-12-09,2025-02-23,21,Nigeria,Air,ABBVIE GmbH & Co.KG Wiesbaden,1500,512.0,3906.29
BATCH-00449,ARV-007,2025-12-21,2027-12-21,2026-01-08,13,Vietnam,Air,Hetero Unit III Hyderabad IN,418,1089.0,2006.63
BATCH-00450,ARV-010,2026-01-17,2028-01-17,2026-02-21,13,Zimbabwe,Truck,Hetero Unit III Hyderabad IN,39360,4174.0,10900.0
BATCH-00451,ARV-009,2025-06-21,2027-06-21,2025-10-13,59,South Africa,Ocean,"Aurobindo Unit III, India",137130,45800.0,9726.53
BATCH-00452,HRDT-002,2025-10-11,2027-10-11,2025-12-08,20,Nigeria,Air,"Trinity Biotech, Plc",8018,2607.0,28595.45
BATCH-00453,ARV-015,2025-06-02,2027-06-02,2025-06-23,13,Côte d'Ivoire,Air,Mylan (formerly Matrix) Nashik,666,54.0,1713.01
BATCH-00454,ARV-012,2025-07-22,2027-07-22,2025-08-28,7,Zambia,Truck,"Strides, Bangalore, India.",56430,15358.0,16606.55
BATCH-00455,ARV-005,2026-01-14,2028-01-14,2026-03-28,15,Haiti,Air,ABBVIE (Abbott) Logis. UK,40,61.0,1257.16
BATCH-00456,ARV-005,2026-03-20,2028-03-19,2026-04-30,14,Vietnam,Air,ABBVIE Ludwigshafen Germany,9000,2235.0,5134.12
BATCH-00457,HRDT-002,2025-03-05,2027-03-05,2025-04-15,7,Botswana,Air,"Trinity Biotech, Plc",500,500.0,2442.32
BATCH-00458,ARV-018,2026-03-03,2028-03-02,2026-04-28,22,Zimbabwe,Truck,Mylan (formerly Matrix) Nashik,1087,102.0,129.75
BATCH-00459,HRDT-005,2025-03-07,2027-03-07,2025-05-06,19,Zambia,Air,"Standard Diagnostics, Korea",500,157.0,1754.04
BATCH-00460,HRDT-001,2025-11-25,2027-11-25,2025-12-16,6,Nigeria,Air,"Alere Medical Co., Ltd.",2996,1426.0,33279.83
BATCH-00461,ARV-014,2025-02-08,2027-02-08,2025-04-17,17,Vietnam,Air,"BMS Meymac, France",400,81.0,2211.05
BATCH-00462,HRDT-002,2025-02-16,2027-02-16,2025-04-23,7,Kenya,Air,"Trinity Biotech, Plc",4926,2695.0,11898.8
BATCH-00463,HRDT-003,2025-04-03,2027-04-03,2025-05-02,17,Zambia,Air,Inverness Japan,4500,1053.0,11062.05
BATCH-00464,HRDT-001,2025-12-11,2027-12-11,2026-02-11,12,Nigeria,Air,"Alere Medical Co., Ltd.",3038,1234.0,21084.84
BATCH-00465,ARV-001,2025-05-26,2027-05-26,2025-07-21,7,Uganda,Truck,Mylan (formerly Matrix) Nashik,4500,350.0,1854.0
BATCH-00466,ARV-008,2025-10-06,2027-10-06,2025-12-11,21,Rwanda,Air,"Aurobindo Unit III, India",4928,1800.0,12500.58
BATCH-00467,ARV-008,2025-05-26,2027-05-26,2025-06-27,7,Rwanda,Air,"Aurobindo Unit III, India",427,62.0,1060.35
BATCH-00468,ARV-012,2025-03-20,2027-03-20,2025-05-04,15,Uganda,Air,"Strides, Bangalore, India.",2742,204.0,3477.0
BATCH-00469,ARV-008,2025-09-13,2027-09-13,2025-11-14,11,Zambia,Truck,Mylan (formerly Matrix) Nashik,15000,1677.0,8510.81
BATCH-00470,ARV-006,2025-09-13,2027-09-13,2025-10-16,20,Guyana,Air,"Aurobindo Unit III, India",696,33.0,1002.59
BATCH-00471,ARV-002,2025-05-12,2027-05-12,2025-07-18,17,Haiti,Air,"Aurobindo Unit III, India",1069,396.0,6036.96
BATCH-00472,ARV-025,2025-08-24,2027-08-24,2025-11-05,18,Haiti,Air,"MSD, Haarlem, NL",28,7.0,290.0
BATCH-00473,ARV-001,2025-08-03,2027-08-03,2025-10-24,40,South Africa,Ocean,"Emcure Plot No.P-2, I.T-B.T. Park, Phase II, MIDC, Hinjwadi, Pune, India",96224,7556.0,9582.53
BATCH-00474,ARV-002,2025-12-19,2027-12-19,2026-01-23,12,"Congo, DRC",Air,"Aurobindo Unit III, India",984,53.0,938.05
BATCH-00475,ARV-014,2025-03-18,2027-03-18,2025-05-07,15,Vietnam,Air,"BMS Meymac, France",280,60.0,1516.05
BATCH-00476,ARV-001,2025-11-21,2027-11-21,2025-12-16,18,Nigeria,Air,"Aurobindo Unit III, India",120954,11369.0,15459.09
BATCH-00477,ARV-001,2025-11-10,2027-11-10,2026-01-16,11,Nigeria,Air Charter,"Cipla, Goa, India",45000,16966.0,20761.0
BATCH-00478,ARV-003,2025-06-14,2027-06-14,2025-07-12,5,Uganda,Air,Mylan (formerly Matrix) Nashik,5500,708.0,2524.0
BATCH-00479,ARV-007,2025-05-09,2027-05-09,2025-06-02,16,Guyana,Air,"Aurobindo Unit III, India",489,28.0,1047.24
BATCH-00480,HRDT-002,2025-06-25,2027-06-25,2025-08-18,6,Kenya,Air,"Trinity Biotech, Plc",1515,518.0,4851.0
BATCH-00481,ARV-009,2025-06-20,2027-06-20,2025-09-04,35,South Africa,Ocean,"Aurobindo Unit III, India",116857,10907.0,7905.94
BATCH-00482,HRDT-008,2025-04-25,2027-04-25,2025-06-22,19,Haiti,Air,"Pacific Biotech, Thailand",60,144.0,3128.19
BATCH-00483,ARV-005,2026-03-22,2028-03-21,2026-04-07,9,Guyana,Air,ABBVIE (Abbott) Logis. UK,12,39.0,790.71
BATCH-00484,ARV-002,2025-05-31,2027-05-31,2025-08-03,18,Uganda,Air,"Strides, Bangalore, India.",2500,132.0,3661.42
BATCH-00485,ARV-001,2026-03-11,2028-03-10,2026-05-08,18,Zambia,Truck,"Strides, Bangalore, India.",108856,6431.0,43219.06
BATCH-00486,ARV-008,2026-02-21,2028-02-21,2026-04-18,8,Vietnam,Air,Mylan (formerly Matrix) Nashik,1200,128.0,1069.31
BATCH-00487,HRDT-001,2025-07-14,2027-07-14,2025-09-12,10,Botswana,Air,Inverness Japan,10,5.0,767.63
BATCH-00488,ARV-012,2025-02-23,2027-02-23,2025-03-25,14,Côte d'Ivoire,Air,"Cipla, Goa, India",35600,3731.0,6778.91
BATCH-00489,ARV-013,2025-02-06,2027-02-06,2025-03-12,18,Ethiopia,Air,"Aurobindo Unit III, India",7294,753.0,8004.0
BATCH-00490,ARV-003,2025-04-09,2027-04-09,2025-06-18,15,Côte d'Ivoire,Air,"Aurobindo Unit III, India",18180,2047.0,6739.08
BATCH-00491,ARV-001,2025-04-05,2027-04-05,2025-06-07,29,Zambia,Truck,Hetero Unit III Hyderabad IN,100000,7736.0,10069.54
BATCH-00492,ARV-010,2025-08-14,2027-08-14,2025-09-23,11,Nigeria,Air Charter,Mylan (formerly Matrix) Nashik,50000,4502.0,12601.07
BATCH-00493,ARV-011,2026-01-08,2028-01-08,2026-02-22,25,Tanzania,Truck,Mylan (formerly Matrix) Nashik,68762,8456.0,7134.39
BATCH-00494,ARV-001,2025-11-26,2027-11-26,2026-01-20,15,Vietnam,Air,"Micro labs, Verna, Goa, India",7882,472.0,6969.97
BATCH-00495,HRDT-001,2025-08-05,2027-08-05,2025-09-29,9,Tanzania,Air,Inverness Japan,86,40.0,1765.86
BATCH-00496,HRDT-001,2025-10-19,2027-10-19,2025-11-05,12,Côte d'Ivoire,Air,"Alere Medical Co., Ltd.",2746,1312.0,27254.17
BATCH-00497,ARV-007,2025-04-25,2027-04-25,2025-06-06,7,Uganda,Air,"Aurobindo Unit III, India",105,6.0,1053.86
BATCH-00498,ARV-004,2025-11-08,2027-11-08,2026-01-12,6,Nigeria,Air Charter,"Aurobindo Unit III, India",75000,7515.0,14547.55
BATCH-00499,ARV-005,2026-02-08,2028-02-08,2026-03-29,29,Mozambique,Truck,ABBVIE Ludwigshafen Germany,12800,2844.0,4853.84
BATCH-00500,ARV-004,2026-01-24,2028-01-24,2026-03-02,17,Ghana,Truck,Mylan (formerly Matrix) Nashik,23000,8701.0,3975.7
BATCH-00501,HRDT-001,2025-09-10,2027-09-10,2025-11-08,6,Tanzania,Air,"Alere Medical Co., Ltd.",1044,499.0,9894.85
BATCH-00502,ARV-014,2025-07-04,2027-07-04,2025-07-28,16,Côte d'Ivoire,Air,"BMS Meymac, France",1888,368.0,824.37
BATCH-00503,HRDT-001,2025-12-24,2027-12-24,2026-02-09,21,Dominican Republic,Air,"Alere Medical Co., Ltd.",1775,721.0,9165.29
BATCH-00504,ARV-004,2025-05-23,2027-05-23,2025-07-11,19,Ethiopia,Air,"Aurobindo Unit III, India",16019,1454.0,5187.5
BATCH-00505,ARV-021,2025-08-02,2027-08-02,2025-09-28,9,Côte d'Ivoire,Air,Roche Madrid,1464,255.0,4204.67
BATCH-00506,ARV-009,2025-11-25,2027-11-25,2025-12-24,17,Côte d'Ivoire,Truck,Mylan (formerly Matrix) Nashik,5856,354.0,3026.62
BATCH-00507,ARV-021,2025-06-23,2027-06-23,2025-08-04,14,Nigeria,Air,Roche Basel,430,77.0,729.03
BATCH-00508,ARV-017,2026-04-18,2028-04-17,2026-05-10,9,Botswana,Air,"Hetero, Jadcherla, unit 5, IN",39550,4840.0,23796.98
BATCH-00509,ARV-015,2025-09-07,2027-09-07,2025-11-07,13,Zambia,Truck,Mylan (formerly Matrix) Nashik,54850,2236.0,5447.21
BATCH-00510,ARV-001,2026-01-26,2028-01-26,2026-04-08,33,Ghana,Ocean,"Strides, Bangalore, India.",167716,10803.0,24636.23
BATCH-00511,HRDT-002,2025-10-24,2027-10-24,2025-12-16,21,Guyana,Air,"Trinity Biotech, Plc",461,149.0,2115.21
BATCH-00512,HRDT-001,2025-12-22,2027-12-22,2026-02-03,17,Tanzania,Air,"Alere Medical Co., Ltd.",3781,1642.0,25778.9
BATCH-00513,ARV-007,2025-01-14,2027-01-14,2025-02-15,19,Côte d'Ivoire,Air,"Aurobindo Unit III, India",4374,230.0,1432.0
BATCH-00514,ARV-018,2025-05-25,2027-05-25,2025-08-06,18,Côte d'Ivoire,Air,Mylan (formerly Matrix) Nashik,1200,108.0,5121.68
BATCH-00515,HRDT-001,2025-12-31,2027-12-31,2026-03-02,21,Côte d'Ivoire,Air,"Alere Medical Co., Ltd.",5900,2393.0,33029.82
BATCH-00516,ARV-005,2026-01-26,2028-01-26,2026-02-26,9,Côte d'Ivoire,Truck,Mylan (formerly Matrix) Nashik,20440,5450.0,23701.58
BATCH-00517,ARV-013,2025-07-28,2027-07-28,2025-09-12,19,Côte d'Ivoire,Air,"Aurobindo Unit III, India",2070,176.0,1653.99
BATCH-00518,ARV-009,2025-07-09,2027-07-09,2025-09-18,27,South Africa,Ocean,"Cipla, Goa, India",137654,9147.0,11314.2
BATCH-00519,ARV-010,2025-04-22,2027-04-22,2025-06-23,18,Zambia,Truck,Mylan (formerly Matrix) Nashik,92000,7678.0,6759.28
BATCH-00520,ARV-012,2025-10-02,2027-10-02,2025-11-22,21,Tanzania,Truck,"Cipla, Goa, India",26300,2278.0,7865.4
BATCH-00521,ARV-002,2025-09-26,2027-09-26,2025-11-01,15,Zambia,Truck,"Aurobindo Unit VII, IN",13836,1332.0,6476.7
BATCH-00522,ARV-010,2025-08-24,2027-08-24,2025-10-14,10,Uganda,Truck,Mylan (formerly Matrix) Nashik,5000,607.0,4911.39
BATCH-00523,ARV-007,2025-02-14,2027-02-14,2025-04-04,8,Ethiopia,Air,"Aurobindo Unit III, India",1846,773.0,3472.55
BATCH-00524,HRDT-001,2026-02-16,2028-02-16,2026-04-13,19,Tanzania,Air,"Alere Medical Co., Ltd.",504,204.0,2788.07
BATCH-00525,ARV-005,2025-12-08,2027-12-08,2025-12-27,10,Vietnam,Air,ABBVIE Ludwigshafen Germany,3812,824.0,3216.15
BATCH-00526,ARV-004,2025-02-12,2027-02-12,2025-03-25,10,Côte d'Ivoire,Air,"Aurobindo Unit III, India",20284,1897.0,3826.17
BATCH-00527,HRDT-010,2025-01-29,2027-01-29,2025-03-28,20,Haiti,Air,"Trinity Biotech, Plc",2,1.0,897.52
BATCH-00528,ARV-012,2025-09-13,2027-09-13,2025-11-19,10,Tanzania,Truck,"Cipla, Goa, India",15855,1380.0,4553.1
BATCH-00529,ARV-004,2025-01-22,2027-01-22,2025-03-16,20,Ethiopia,Air,"Aurobindo Unit III, India",9692,1215.0,6346.22
BATCH-00530,HRDT-011,2025-10-03,2027-10-03,2025-11-15,20,South Sudan,Air,"Alere Medical Co., Ltd.",339,175.0,4803.06
BATCH-00531,ARV-009,2025-09-11,2027-09-11,2025-11-06,21,Côte d'Ivoire,Truck,Mylan (formerly Matrix) Nashik,2160,1122.0,6009.47
BATCH-00532,ARV-003,2025-10-14,2027-10-14,2025-11-07,10,Uganda,Truck,Mylan (formerly Matrix) Nashik,5525,1414.0,4054.19
BATCH-00533,HRDT-003,2025-09-27,2027-09-27,2025-10-13,7,Namibia,Air,Inverness Japan,150,36.0,859.18
BATCH-00534,ARV-002,2026-03-07,2028-03-06,2026-05-01,13,Mozambique,Truck,"Strides, Bangalore, India.",1400,4355.0,3644.18
BATCH-00535,ARV-002,2025-09-19,2027-09-19,2025-12-07,20,Zambia,Truck,Mylan (formerly Matrix) Nashik,18867,17125.0,7317.47
BATCH-00536,ARV-001,2025-09-24,2027-09-24,2025-11-24,10,Zambia,Truck,"Strides, Bangalore, India.",46190,4539.0,4496.13
BATCH-00537,HRDT-002,2025-02-26,2027-02-26,2025-04-16,12,Rwanda,Air,"Trinity Biotech, Plc",3150,1080.0,15987.05
BATCH-00538,ARV-013,2025-07-05,2027-07-05,2025-07-18,6,Côte d'Ivoire,Air,"Aurobindo Unit III, India",864,56.0,3688.33
BATCH-00539,ARV-005,2025-04-10,2027-04-10,2025-06-22,14,Vietnam,Air,ABBVIE Ludwigshafen Germany,560,83.0,436.86
BATCH-00540,ARV-006,2025-12-02,2027-12-02,2026-01-05,5,Haiti,Air,"Aurobindo Unit III, India",1944,682.0,8118.08
BATCH-00541,ARV-003,2025-09-02,2027-09-02,2025-10-02,10,Nigeria,Air Charter,"Aurobindo Unit III, India",53109,19464.0,13398.06
BATCH-00542,ARV-010,2025-09-21,2027-09-21,2025-11-17,3,Nigeria,Air Charter,Mylan (formerly Matrix) Nashik,140273,11734.0,27441.22
BATCH-00543,ARV-002,2025-10-16,2027-10-16,2025-12-12,11,Uganda,Truck,Hetero Unit III Hyderabad IN,26432,1499.0,10915.97
BATCH-00544,ARV-005,2025-10-23,2027-10-23,2025-12-15,7,Uganda,Air,"Aurobindo Unit III, India",5000,1199.0,7070.0
BATCH-00545,ARV-018,2026-03-07,2028-03-06,2026-04-07,11,Nigeria,Air Charter,Mylan (formerly Matrix) Nashik,19356,1960.0,7009.0
BATCH-00546,ARV-003,2025-12-10,2027-12-10,2026-02-15,8,Côte d'Ivoire,Truck,"Aurobindo Unit III, India",41700,4873.0,18002.87
BATCH-00547,ARV-007,2025-12-01,2027-12-01,2026-01-11,12,South Sudan,Air,"Aurobindo Unit III, India",4560,230.0,1740.47
BATCH-00548,ARV-016,2025-11-08,2027-11-08,2025-12-27,15,Rwanda,Air,Hetero Unit III Hyderabad IN,5468,437.0,2928.4
BATCH-00549,ARV-016,2025-10-12,2027-10-12,2025-12-16,19,Zambia,Truck,"Strides, Bangalore, India.",10500,537.0,6800.6
BATCH-00550,ARV-009,2025-08-04,2027-08-04,2025-09-23,9,Nigeria,Air Charter,Mylan (formerly Matrix) Nashik,156,9.0,12601.07
BATCH-00551,HRDT-004,2026-01-12,2028-01-12,2026-02-13,18,Nigeria,Air,Chembio Diagnostics Sys. Inc.,5439,2097.0,9634.16
BATCH-00552,HRDT-004,2025-04-05,2027-04-05,2025-05-07,11,Ethiopia,Air,Chembio Diagnostics Sys. Inc.,8964,3231.0,15619.2
BATCH-00553,ARV-005,2025-08-20,2027-08-20,2025-10-02,19,Zimbabwe,Air,ABBVIE (Abbott) Logis. UK,1083,1257.0,22837.98
BATCH-00554,HRDT-002,2025-04-11,2027-04-11,2025-06-17,10,Rwanda,Air,"Trinity Biotech, Plc",250,88.0,3997.31
BATCH-00555,HRDT-001,2025-12-23,2027-12-23,2026-02-26,21,Nigeria,Air,"Alere Medical Co., Ltd.",9312,3787.0,57017.68
BATCH-00556,ARV-004,2025-04-12,2027-04-12,2025-05-20,13,Nigeria,Air,"Aurobindo Unit III, India",1116,102.0,3680.33
BATCH-00557,ARV-004,2025-03-15,2027-03-15,2025-05-16,17,Mozambique,Air,"Aurobindo Unit III, India",720,66.0,772.04
BATCH-00558,ARV-004,2026-02-25,2028-02-25,2026-04-22,11,Nigeria,Air Charter,Mylan (formerly Matrix) Nashik,164867,14794.0,34099.18
BATCH-00559,ARV-006,2025-10-16,2027-10-16,2025-12-07,26,Zambia,Truck,Hetero Unit III Hyderabad IN,57984,3144.0,7317.47
BATCH-00560,ARV-011,2026-03-18,2028-03-17,2026-05-03,19,Burundi,Air,Mylan (formerly Matrix) Nashik,8190,1208.0,7564.47
BATCH-00561,ARV-012,2025-02-22,2027-02-22,2025-05-01,14,Vietnam,Air,"Cipla, Goa, India",15360,1360.0,5412.14
BATCH-00562,ARV-001,2025-06-22,2027-06-22,2025-08-01,5,South Africa,Air,"Aurobindo Unit III, India",53954,4564.0,6105.79
BATCH-00563,HRDT-001,2025-10-04,2027-10-04,2025-10-30,13,Sudan,Air,"Alere Medical Co., Ltd.",129,60.0,1133.17
BATCH-00564,ARV-010,2025-09-18,2027-09-18,2025-11-05,4,Nigeria,Air Charter,Mylan (formerly Matrix) Nashik,27574,2376.0,25231.96
BATCH-00565,HRDT-006,2026-01-06,2028-01-06,2026-03-04,20,Rwanda,Air,"KHB Test Kit Facility, Shanghai China",2988,1992.0,26266.34
BATCH-00566,ARV-004,2025-09-29,2027-09-29,2025-11-05,5,Nigeria,Air Charter,"Aurobindo Unit III, India",99995,11636.0,25231.96
BATCH-00567,ARV-005,2025-12-31,2027-12-31,2026-02-21,8,"Congo, DRC",Air,ABBVIE Ludwigshafen Germany,304,43.0,453.31
BATCH-00568,ARV-001,2025-09-07,2027-09-07,2025-11-09,9,Haiti,Air,"MSD, Haarlem, NL",255,72.0,290.0
BATCH-00569,ARV-014,2026-03-01,2028-02-29,2026-04-08,15,"Congo, DRC",Air,"Aurobindo Unit III, India",1100,95.0,2453.16
BATCH-00570,ARV-002,2025-05-26,2027-05-26,2025-07-13,20,Uganda,Truck,"Aurobindo Unit III, India",5184,507.0,1576.8
BATCH-00571,ARV-009,2025-02-15,2027-02-15,2025-03-23,21,Ethiopia,Air,"Aspen-OSD, Port Elizabeth, SA",4394,317.0,1628.18
BATCH-00572,ARV-004,2026-03-22,2028-03-21,2026-05-13,12,Nigeria,Air,Mylan (formerly Matrix) Nashik,37742,3322.0,21533.88
BATCH-00573,ARV-003,2025-03-12,2027-03-12,2025-04-21,13,Mozambique,Truck,"Cipla, Goa, India",16610,2298.0,3733.57
BATCH-00574,ARV-003,2025-08-05,2027-08-05,2025-09-05,8,Uganda,Truck,"Aurobindo Unit III, India",69202,9299.0,54009.25
BATCH-00575,ARV-009,2026-01-03,2028-01-03,2026-02-20,5,Vietnam,Air,Hetero Unit III Hyderabad IN,13307,1018.0,1681.58
BATCH-00576,ARV-012,2025-05-13,2027-05-13,2025-06-24,15,Zambia,Truck,"Cipla, Goa, India",61520,23888.0,13518.56
BATCH-00577,ARV-002,2025-06-20,2027-06-20,2025-08-09,20,Tanzania,Air,"Strides, Bangalore, India.",38500,2695.0,13457.25
BATCH-00578,HRDT-010,2025-03-19,2027-03-19,2025-04-30,13,Haiti,Air,"Trinity Biotech, Plc",84,54.0,871.71
BATCH-00579,HRDT-001,2025-12-10,2027-12-10,2026-01-18,20,Zambia,Air,"Alere Medical Co., Ltd.",2950,1222.0,22041.41
BATCH-00580,ARV-005,2025-08-11,2027-08-11,2025-08-28,6,Guyana,Air,"Aurobindo Unit III, India",3796,1028.0,12609.89
BATCH-00581,ARV-005,2025-04-17,2027-04-17,2025-06-12,6,Nigeria,Air,ABBVIE Ludwigshafen Germany,2040,309.0,3777.93
BATCH-00582,ARV-003,2026-04-04,2028-04-03,2026-05-11,27,Mozambique,Truck,Hetero Unit III Hyderabad IN,300000,39688.0,28277.42
BATCH-00583,ARV-005,2025-05-27,2027-05-27,2025-06-24,6,Vietnam,Air,ABBVIE Ludwigshafen Germany,1400,209.0,954.38
BATCH-00584,HRDT-002,2025-01-08,2027-01-08,2025-02-23,5,Guyana,Air,"Trinity Biotech, Plc",1500,515.0,8576.8
BATCH-00585,HRDT-001,2025-05-27,2027-05-27,2025-06-19,11,Kenya,Air,Inverness Japan,7500,2215.0,17974.69
BATCH-00586,ARV-002,2025-05-17,2027-05-17,2025-07-17,20,Haiti,Air,"Aurobindo Unit III, India",32850,3917.0,39223.78
BATCH-00587,HRDT-002,2025-12-09,2027-12-09,2026-02-08,16,Nigeria,Air,"Trinity Biotech, Plc",6355,290.0,15450.88
BATCH-00588,ARV-003,2026-03-23,2028-03-22,2026-05-12,9,Mozambique,Truck,Hetero Unit III Hyderabad IN,28516,3772.0,3567.08
BATCH-00589,HRDT-001,2025-09-06,2027-09-06,2025-10-16,19,Dominican Republic,Air,Inverness Japan,1000,399.0,8776.57
BATCH-00590,ARV-010,2025-10-17,2027-10-17,2025-11-11,19,"Congo, DRC",Air,Mylan (formerly Matrix) Nashik,20,70.0,1524.5
BATCH-00591,ARV-018,2025-11-13,2027-11-13,2026-01-23,18,Zambia,Air,"Cipla, Patalganga, India",40000,3533.0,20188.13
BATCH-00592,ARV-011,2026-02-26,2028-02-26,2026-04-17,28,Uganda,Truck,Mylan (formerly Matrix) Nashik,45000,5083.0,6948.04
BATCH-00593,ARV-022,2025-10-14,2027-10-14,2025-12-11,9,Uganda,Air,"MSD, Haarlem, NL",390,39.0,433.0
BATCH-00594,ARV-008,2025-07-26,2027-07-26,2025-08-31,21,Dominican Republic,Air,Mylan (formerly Matrix) Nashik,3073,594.0,4996.2
BATCH-00595,ARV-003,2026-01-29,2028-01-29,2026-02-21,10,Uganda,Air,"Cipla, Goa, India",6200,597.0,2905.49
BATCH-00596,ARV-005,2025-10-03,2027-10-03,2025-12-07,18,"Congo, DRC",Air,"Aurobindo Unit III, India",600,895.0,6061.4
BATCH-00597,HRDT-013,2025-04-27,2027-04-27,2025-07-06,14,Tanzania,Air,"Standard Diagnostics, Korea",20000,6223.0,82236.74
BATCH-00598,ARV-008,2025-05-23,2027-05-23,2025-08-01,18,Ethiopia,Air,"Aurobindo Unit III, India",4000,400.0,961.46
BATCH-00599,ARV-004,2026-02-05,2028-02-05,2026-04-07,15,Vietnam,Air,Mylan (formerly Matrix) Nashik,9800,2235.0,3708.72
BATCH-00600,ARV-024,2025-05-25,2027-05-25,2025-06-27,15,Tanzania,Air,"BMS Meymac, France",1000,335.0,888.0
BATCH-00601,ARV-008,2025-07-12,2027-07-12,2025-10-22,47,South Africa,Ocean,GSK Mississauga (Canada),20000,7664.0,17022.13
BATCH-00602,ARV-003,2025-10-22,2027-10-22,2025-12-27,25,Côte d'Ivoire,Truck,Mylan (formerly Matrix) Nashik,5701,338.0,3487.55
BATCH-00603,ARV-015,2026-01-07,2028-01-07,2026-02-07,17,Zambia,Air,"Aurobindo Unit III, India",11811,1184.0,5904.94
BATCH-00604,ARV-007,2026-02-13,2028-02-13,2026-03-04,7,Côte d'Ivoire,Air,"Aurobindo Unit III, India",2867,5752.0,18607.76
BATCH-00605,HRDT-002,2025-08-21,2027-08-21,2025-10-31,19,Sudan,Air,"Trinity Biotech, Plc",11,5.0,578.73
BATCH-00606,ARV-004,2025-12-30,2027-12-30,2026-02-02,14,"Congo, DRC",Air,Mylan (formerly Matrix) Nashik,647,5897.0,40434.04
BATCH-00607,ARV-008,2026-01-10,2028-01-10,2026-03-08,10,Guyana,Air,"Aurobindo Unit III, India",49,5.0,660.43
BATCH-00608,ARV-006,2026-01-22,2028-01-22,2026-02-16,13,Vietnam,Air,"Micro labs, Verna, Goa, India",6493,301.0,1457.92
BATCH-00609,HRDT-007,2025-03-21,2027-03-21,2025-05-01,21,Guyana,Air,Inverness Japan,213,14.0,180.0
BATCH-00610,ARV-002,2025-04-30,2027-04-30,2025-06-08,19,Côte d'Ivoire,Air,"Aurobindo Unit III, India",5601,545.0,2280.64
BATCH-00611,ARV-016,2025-10-24,2027-10-24,2025-12-02,19,Haiti,Air,"Strides, Bangalore, India.",384,20.0,950.05
BATCH-00612,HRDT-004,2025-12-27,2027-12-27,2026-02-19,12,Nigeria,Air,Chembio Diagnostics Sys. Inc.,3337,1252.0,5758.84
BATCH-00613,HRDT-003,2025-02-05,2027-02-05,2025-04-19,18,Botswana,Air,Inverness Japan,100,28.0,641.06
BATCH-00614,ARV-007,2025-10-12,2027-10-12,2025-12-17,11,Vietnam,Air,"Cipla, Goa, India",1475,96.0,678.83
BATCH-00615,ARV-002,2025-10-04,2027-10-04,2025-12-11,23,Zimbabwe,Truck,Hetero Unit III Hyderabad IN,69737,4028.0,8751.99
BATCH-00616,HRDT-001,2026-04-05,2028-04-04,2026-05-06,15,Nigeria,Air,"Alere Medical Co., Ltd.",6360,2579.0,28759.53
BATCH-00617,HRDT-001,2025-12-22,2027-12-22,2026-02-26,9,Nigeria,Air,"Alere Medical Co., Ltd.",9241,3744.0,57484.06
BATCH-00618,ARV-001,2025-03-26,2027-03-26,2025-05-08,9,Vietnam,Air,Mylan (formerly Matrix) Nashik,8400,613.0,3247.73
BATCH-00619,HRDT-004,2025-04-12,2027-04-12,2025-05-23,6,Côte d'Ivoire,Air,Chembio Diagnostics Sys. Inc.,289,79.0,1104.69
BATCH-00620,ARV-002,2026-02-15,2028-02-15,2026-04-06,7,"Congo, DRC",Air,"Aurobindo Unit III, India",1330,416.0,5347.37
BATCH-00621,ARV-003,2025-05-18,2027-05-18,2025-07-21,17,Uganda,Truck,"Aurobindo Unit III, India",3354,393.0,1694.0
BATCH-00622,ARV-005,2026-01-02,2028-01-02,2026-03-07,7,Nigeria,Air Charter,ABBVIE Ludwigshafen Germany,15826,3814.0,29674.92
BATCH-00623,ARV-004,2025-06-19,2027-06-19,2025-07-30,4,Nigeria,Air Charter,Mylan (formerly Matrix) Nashik,488,39.0,9736.1
BATCH-00624,ARV-006,2025-02-01,2027-02-01,2025-03-23,12,Ethiopia,Air,"Ranbaxy, Paonta Shahib, India",48671,2533.0,9187.8
BATCH-00625,HRDT-001,2025-11-12,2027-11-12,2026-01-12,15,Uganda,Air,"Alere Medical Co., Ltd.",3035,1346.0,32471.83
BATCH-00626,ARV-001,2025-09-23,2027-09-23,2025-10-24,12,Zambia,Truck,Mylan (formerly Matrix) Nashik,230000,18968.0,22168.18
BATCH-00627,ARV-012,2025-05-15,2027-05-15,2025-06-20,15,Zambia,Truck,"Cipla, Goa, India",40126,4414.0,4506.2
BATCH-00628,HRDT-004,2025-03-28,2027-03-28,2025-05-17,11,Guyana,Air,Chembio Diagnostics Sys. Inc.,100,28.0,692.38
BATCH-00629,ARV-008,2025-10-09,2027-10-09,2025-11-05,19,Zambia,Truck,Mylan (formerly Matrix) Nashik,7548,13472.0,11292.05
BATCH-00630,ARV-014,2025-07-14,2027-07-14,2025-08-16,11,Côte d'Ivoire,Air,"BMS Meymac, France",6000,1278.0,1742.12
BATCH-00631,ARV-001,2025-03-24,2027-03-24,2025-05-31,24,Zimbabwe,Truck,"Aurobindo Unit III, India",4000,8523.0,35673.58
BATCH-00632,ARV-019,2025-06-09,2027-06-09,2025-08-16,10,Vietnam,Air,ABBVIE (Abbott) Logis. UK,24,60.0,3981.97
BATCH-00633,ARV-001,2025-07-05,2027-07-05,2025-08-24,17,Tanzania,Truck,Mylan (formerly Matrix) Nashik,90000,7397.0,28022.17
BATCH-00634,ARV-002,2025-08-28,2027-08-28,2025-10-04,11,Côte d'Ivoire,Air,"Aurobindo Unit III, India",600,224.0,3545.1
BATCH-00635,ARV-015,2026-01-08,2028-01-08,2026-02-14,8,Guyana,Air,"Aurobindo Unit III, India",3402,392.0,4523.0
BATCH-00636,ARV-004,2025-10-05,2027-10-05,2025-12-02,16,Rwanda,Air,"Aurobindo Unit III, India",35820,3114.0,18779.99
BATCH-00637,ARV-002,2025-10-25,2027-10-25,2025-12-07,9,Rwanda,Air,"Aurobindo Unit III, India",58234,5551.0,49069.74
BATCH-00638,ARV-006,2025-07-29,2027-07-29,2025-08-14,10,South Africa,Air,"Aurobindo Unit III, India",3184,1205.0,3283.62
BATCH-00639,ARV-001,2025-06-10,2027-06-10,2025-08-01,18,South Africa,Air,"Aurobindo Unit III, India",53957,4565.0,6105.83
BATCH-00640,HRDT-002,2025-09-29,2027-09-29,2025-11-16,21,Ethiopia,Air,"Trinity Biotech, Plc",26,17.0,334.65
BATCH-00641,ARV-001,2025-06-20,2027-06-20,2025-08-18,16,Guyana,Air,"Aurobindo Unit III, India",230,411.0,3380.86
BATCH-00642,ARV-010,2025-05-09,2027-05-09,2025-07-21,20,Uganda,Air,Mylan (formerly Matrix) Nashik,2000,168.0,1905.63
BATCH-00643,ARV-027,2026-01-04,2028-01-04,2026-03-21,19,Rwanda,Air,"BMS Evansville, US",208,16.0,957.88
BATCH-00644,ARV-006,2025-06-28,2027-06-28,2025-08-18,13,South Africa,Air,"Aurobindo Unit III, India",34067,1828.0,1791.42
BATCH-00645,ARV-018,2026-01-14,2028-01-14,2026-03-04,25,Mozambique,Truck,Mylan (formerly Matrix) Nashik,4837,1102.0,8406.81
BATCH-00646,ARV-011,2026-01-15,2028-01-15,2026-02-27,14,Mozambique,Truck,Hetero Unit III Hyderabad IN,66946,36903.0,7928.11
BATCH-00647,HRDT-001,2025-05-11,2027-05-11,2025-06-06,12,Guyana,Air,Inverness Japan,425,130.0,1859.79
BATCH-00648,ARV-004,2025-02-07,2027-02-07,2025-04-18,14,Rwanda,Air,"Aurobindo Unit III, India",45168,3953.0,23071.26
BATCH-00649,ARV-001,2025-11-17,2027-11-17,2026-01-28,21,Haiti,Air,"Micro labs, Verna, Goa, India",14448,2284.0,13257.25
BATCH-00650,ARV-012,2025-04-02,2027-04-02,2025-06-11,19,Nigeria,Air,"Cipla, Goa, India",46,2.0,714.34
BATCH-00651,ARV-014,2025-06-17,2027-06-17,2025-07-23,13,Vietnam,Air,"BMS Meymac, France",520,104.0,2658.09
BATCH-00652,HRDT-003,2025-03-19,2027-03-19,2025-04-26,16,Nigeria,Air,Inverness Japan,6875,1566.0,19992.75
BATCH-00653,ARV-015,2025-04-01,2027-04-01,2025-05-31,8,Nigeria,Air,"Aspen-OSD, Port Elizabeth, SA",17067,1481.0,14974.4
BATCH-00654,ARV-008,2024-12-20,2026-12-20,2025-02-10,18,Rwanda,Air,"Aurobindo Unit III, India",90,120.0,11609.31
BATCH-00655,HRDT-002,2025-11-29,2027-11-29,2026-01-25,14,Zambia,Air,"Trinity Biotech, Plc",6900,2262.0,27038.58
BATCH-00656,HRDT-008,2025-02-14,2027-02-14,2025-03-31,14,Haiti,Air,"Pacific Biotech, Thailand",30,72.0,2556.61
BATCH-00657,ARV-027,2026-03-20,2028-03-19,2026-05-06,18,Rwanda,Air,Bristol-Myers Squibb Anagni IT,466,69.0,802.85
BATCH-00658,ARV-010,2025-10-22,2027-10-22,2025-12-15,15,Uganda,Air,"Cipla, Kurkumbh, India",20201,3865.0,19667.94
BATCH-00659,ARV-001,2025-05-12,2027-05-12,2025-07-06,6,Haiti,Air,"Aurobindo Unit III, India",5323,456.0,5338.55
BATCH-00660,ARV-002,2025-07-05,2027-07-05,2025-08-06,9,Côte d'Ivoire,Air,"Aurobindo Unit III, India",3872,1451.0,5121.68
BATCH-00661,ARV-005,2026-03-07,2028-03-06,2026-05-03,8,Zimbabwe,Air,ABBVIE Ludwigshafen Germany,19922,3991.0,34670.93
BATCH-00662,ARV-010,2025-11-11,2027-11-11,2025-12-16,17,Nigeria,Air,"Cipla, Kurkumbh, India",41514,4052.0,15459.09
BATCH-00663,ARV-001,2025-11-02,2027-11-02,2025-12-04,5,Haiti,Air,"Aurobindo Unit III, India",1764,106.0,1615.07
BATCH-00664,ARV-002,2025-08-31,2027-08-31,2025-11-05,11,Zimbabwe,Truck,"Aurobindo Unit VII, IN",9073,2721.0,4777.08
BATCH-00665,ARV-007,2025-04-23,2027-04-23,2025-07-04,15,Côte d'Ivoire,Air,"Aurobindo Unit III, India",2352,3189.0,1211.48
BATCH-00666,ARV-002,2025-02-15,2027-02-15,2025-04-27,16,Vietnam,Air,"Aurobindo Unit III, India",2180,242.0,5881.57
BATCH-00667,ARV-011,2026-01-04,2028-01-04,2026-02-08,13,Vietnam,Air,Mylan (formerly Matrix) Nashik,84000,9479.0,14402.92
BATCH-00668,ARV-002,2025-10-21,2027-10-21,2026-01-07,27,Zambia,Truck,Hetero Unit III Hyderabad IN,38929,2462.0,16295.56
BATCH-00669,ARV-005,2025-03-15,2027-03-15,2025-05-30,20,Haiti,Air,ABBVIE (Abbott) Logis. UK,50,99.0,2704.58
BATCH-00670,ARV-018,2025-10-07,2027-10-07,2025-12-14,10,Côte d'Ivoire,Truck,"Aurobindo Unit III, India",2500,2147.0,8211.03
BATCH-00671,ARV-011,2026-04-19,2028-04-18,2026-05-07,12,Nigeria,Air Charter,"Aurobindo Unit VII, IN",134991,26861.0,53937.0
BATCH-00672,ARV-025,2025-08-31,2027-08-31,2025-10-30,15,Uganda,Air,"MSD, Haarlem, NL",36,9.0,286.0
BATCH-00673,HRDT-002,2025-07-04,2027-07-04,2025-09-16,15,Tanzania,Air,"Trinity Biotech, Plc",30,10.0,910.73
BATCH-00674,ARV-012,2025-06-16,2027-06-16,2025-08-08,6,Ethiopia,Air,"Cipla, Goa, India",29315,3931.0,13215.67
BATCH-00675,ARV-008,2026-01-15,2028-01-15,2026-02-16,15,Vietnam,Air,"Aurobindo Unit III, India",591,36.0,430.5
BATCH-00676,ARV-015,2025-02-22,2027-02-22,2025-04-26,17,Nigeria,Air,"Aspen-OSD, Port Elizabeth, SA",76,7.0,747.5
BATCH-00677,ARV-003,2026-01-11,2028-01-11,2026-02-04,14,Tanzania,Air,"Aurobindo Unit III, India",37012,4699.0,17907.7
BATCH-00678,ARV-003,2025-10-25,2027-10-25,2025-12-01,6,Côte d'Ivoire,Air,"Strides, Bangalore, India.",50000,5625.0,11702.27
BATCH-00679,HRDT-004,2025-10-27,2027-10-27,2025-12-18,13,Guyana,Air,Chembio Diagnostics Sys. Inc.,6,2.0,297.0
BATCH-00680,ARV-006,2025-11-10,2027-11-10,2025-12-30,20,Vietnam,Air,"Micro labs, Verna, Goa, India",13570,568.0,1646.5
BATCH-00681,ARV-020,2025-10-29,2027-10-29,2025-12-28,17,Uganda,Air,Mylan (formerly Matrix) Nashik,1665,420.0,3900.39
BATCH-00682,HRDT-010,2025-04-10,2027-04-10,2025-05-05,7,Haiti,Air,"Trinity Biotech, Plc",2,4.0,523.12
BATCH-00683,ARV-010,2025-04-17,2027-04-17,2025-06-24,30,Zambia,Truck,Mylan (formerly Matrix) Nashik,92000,7579.0,6759.28
BATCH-00684,ARV-005,2025-08-31,2027-08-31,2025-11-09,30,Tanzania,Truck,"Aurobindo Unit III, India",3679,932.0,1698.83
BATCH-00685,ARV-005,2024-12-27,2026-12-27,2025-02-11,7,Mozambique,Air,ABBVIE Ludwigshafen Germany,250,105.0,348.09
BATCH-00686,ARV-002,2026-02-23,2028-02-23,2026-04-02,18,Zambia,Air,Hetero Unit III Hyderabad IN,100000,6304.0,34182.97
BATCH-00687,ARV-010,2025-11-01,2027-11-01,2025-12-03,11,Rwanda,Air,Mylan (formerly Matrix) Nashik,131704,10818.0,119695.66
BATCH-00688,ARV-025,2025-05-12,2027-05-12,2025-06-08,8,Nigeria,Air Charter,"MSD, Haarlem, NL",400,89.0,7329.83
BATCH-00689,ARV-006,2025-05-23,2027-05-23,2025-07-04,12,Côte d'Ivoire,Air,"Aurobindo Unit III, India",2000,688.0,1211.48
BATCH-00690,HRDT-001,2025-09-17,2027-09-17,2025-11-11,18,Kenya,Air,"Alere Medical Co., Ltd.",7982,2278.0,31382.03
BATCH-00691,ARV-006,2025-02-12,2027-02-12,2025-03-29,21,Ethiopia,Air,"Ranbaxy, Paonta Shahib, India",14044,732.0,2963.8
BATCH-00692,ARV-012,2025-05-25,2027-05-25,2025-07-09,18,Vietnam,Air,"Cipla, Goa, India",19600,1926.0,12423.96
BATCH-00693,ARV-002,2025-04-15,2027-04-15,2025-05-25,20,Rwanda,Air,Hetero Unit III Hyderabad IN,7425,404.0,5637.82
BATCH-00694,HRDT-001,2025-08-19,2027-08-19,2025-09-26,21,Tanzania,Air,Inverness Japan,1250,600.0,14398.69
BATCH-00695,ARV-006,2025-05-20,2027-05-20,2025-07-06,6,Ethiopia,Air,Mylan (formerly Matrix) Nashik,8000,425.0,2978.5
BATCH-00696,HRDT-008,2025-05-21,2027-05-21,2025-07-18,9,Haiti,Air,"Pacific Biotech, Thailand",100,240.0,5362.39
BATCH-00697,ARV-009,2025-07-04,2027-07-04,2025-08-10,17,South Africa,Air,"Cipla, Goa, India",47625,3243.0,1881.24
BATCH-00698,ARV-001,2025-01-21,2027-01-21,2025-03-29,15,Namibia,Air,"Aurobindo Unit III, India",21000,1815.0,6074.62
BATCH-00699,ARV-006,2025-10-04,2027-10-04,2025-12-05,26,Rwanda,Ocean,"Cipla, Goa, India",7840,2995.0,20193.21
BATCH-00700,ARV-027,2026-01-16,2028-01-16,2026-02-05,6,Dominican Republic,Air,"Emcure Plot No.P-2, I.T-B.T. Park, Phase II, MIDC, Hinjwadi, Pune, India",1902,170.0,1965.62
BATCH-00701,HRDT-001,2025-06-22,2027-06-22,2025-07-30,13,Sudan,Air,Inverness Japan,350,104.0,2023.76
BATCH-00702,ARV-001,2025-11-12,2027-11-12,2025-12-02,15,Uganda,Air,"Strides, Bangalore, India.",23000,1403.0,9800.0
BATCH-00703,ARV-019,2026-02-04,2028-02-04,2026-02-18,7,Côte d'Ivoire,Air,ABBVIE Ludwigshafen Germany,350,56.0,1726.5
BATCH-00704,ARV-004,2025-05-06,2027-05-06,2025-06-02,4,Nigeria,Air Charter,"Aurobindo Unit III, India",35000,3162.0,15128.37
BATCH-00705,HRDT-001,2026-02-15,2028-02-15,2026-03-23,7,Uganda,Air,"Alere Medical Co., Ltd.",6000,2432.0,23482.06
BATCH-00706,HRDT-002,2025-03-15,2027-03-15,2025-05-16,14,Tanzania,Air,"Trinity Biotech, Plc",839,284.0,3261.37
BATCH-00707,ARV-015,2025-10-01,2027-10-01,2025-10-20,7,Zambia,Truck,Mylan (formerly Matrix) Nashik,10015,819.0,2882.6
BATCH-00708,HRDT-001,2025-12-15,2027-12-15,2026-02-18,14,Nigeria,Air,"Alere Medical Co., Ltd.",9335,3788.0,61035.9
BATCH-00709,HRDT-010,2025-03-12,2027-03-12,2025-04-11,13,Haiti,Air,"Trinity Biotech, Plc",4,3.0,1808.19
BATCH-00710,ARV-005,2025-06-26,2027-06-26,2025-07-20,12,Vietnam,Air,ABBVIE Ludwigshafen Germany,1820,445.0,4755.76
BATCH-00711,ARV-001,2025-06-16,2027-06-16,2025-08-14,16,South Africa,Air,"Aurobindo Unit III, India",56877,4815.0,5886.9
BATCH-00712,ARV-016,2025-10-28,2027-10-28,2025-12-27,13,Rwanda,Air,Hetero Unit III Hyderabad IN,13152,1045.0,6152.0
BATCH-00713,ARV-008,2025-10-25,2027-10-25,2025-12-19,17,Uganda,Air,Mylan (formerly Matrix) Nashik,2067,220.0,1616.45
BATCH-00714,ARV-003,2025-07-09,2027-07-09,2025-08-06,17,Rwanda,Air,Mylan (formerly Matrix) Nashik,5869,758.0,8929.51
BATCH-00715,HRDT-015,2026-01-09,2028-01-09,2026-02-09,20,Burundi,Air,Chembio Diagnostics Sys. Inc.,428,47.0,732.47
BATCH-00716,ARV-001,2025-08-07,2027-08-07,2025-10-25,53,South Africa,Ocean,Hetero Unit III Hyderabad IN,92500,7878.0,8134.37
BATCH-00717,ARV-022,2025-09-24,2027-09-24,2025-11-05,13,Uganda,Air,"MSD, Haarlem, NL",231,23.0,250.0
BATCH-00718,ARV-008,2025-08-29,2027-08-29,2025-11-14,18,Zambia,Truck,"Aurobindo Unit III, India",15000,1485.0,8510.82
BATCH-00719,ARV-001,2025-05-26,2027-05-26,2025-06-24,9,Vietnam,Air,Mylan (formerly Matrix) Nashik,3528,383.0,1162.52
BATCH-00720,ARV-003,2025-12-20,2027-12-20,2026-01-19,15,Haiti,Air,Mylan (formerly Matrix) Nashik,4235,236.0,2215.13
BATCH-00721,HRDT-001,2025-05-27,2027-05-27,2025-07-30,7,Zimbabwe,Air,Inverness Japan,1915,967.0,18212.87
BATCH-00722,ARV-014,2025-06-04,2027-06-04,2025-07-07,20,Haiti,Air,"BMS Meymac, France",120,29.0,260.0
BATCH-00723,ARV-001,2025-10-15,2027-10-15,2025-11-17,27,Zambia,Truck,"Strides, Bangalore, India.",109226,6636.0,10598.2
BATCH-00724,HRDT-001,2025-08-27,2027-08-27,2025-10-01,7,Sudan,Air,Inverness Japan,378,180.0,4529.86
BATCH-00725,ARV-026,2025-10-30,2027-10-30,2025-12-14,18,Uganda,Air,"Janssen-Cilag, Latina, IT",111,24.0,330.0
BATCH-00726,ARV-004,2025-06-24,2027-06-24,2025-08-08,6,Vietnam,Air,"Aurobindo Unit III, India",11004,1073.0,9535.67
BATCH-00727,ARV-005,2025-10-01,2027-10-01,2025-12-03,10,Nigeria,Air Charter,"Aurobindo Unit III, India",17497,4898.0,18461.22
BATCH-00728,ARV-014,2025-05-30,2027-05-30,2025-07-31,6,Guyana,Air,"Aurobindo Unit III, India",330,71.0,1721.53
BATCH-00729,ARV-002,2026-01-08,2028-01-08,2026-03-11,42,Haiti,Ocean,"Aurobindo Unit III, India",2040,820.0,2214.69
BATCH-00730,HRDT-006,2025-02-23,2027-02-23,2025-05-08,16,Ethiopia,Air,"KHB Test Kit Facility, Shanghai China",3470,2509.0,22803.8
BATCH-00731,ARV-023,2026-02-16,2028-02-16,2026-04-13,17,Haiti,Air,"Janssen-Cilag, Latina, IT",111,42.0,926.3
BATCH-00732,ARV-011,2025-10-25,2027-10-25,2025-11-14,12,Vietnam,Air,Mylan (formerly Matrix) Nashik,6549,1208.0,3306.51
BATCH-00733,HRDT-001,2026-01-11,2028-01-11,2026-03-28,20,Tanzania,Air,"Alere Medical Co., Ltd.",672,277.0,4379.48
BATCH-00734,HRDT-003,2025-03-20,2027-03-20,2025-04-19,18,Guyana,Air,Inverness Japan,213,49.0,959.46
BATCH-00735,HRDT-003,2025-03-22,2027-03-22,2025-05-06,8,Zimbabwe,Air,Inverness Japan,1634,373.0,4112.46
BATCH-00736,HRDT-005,2025-01-14,2027-01-14,2025-03-19,16,Zimbabwe,Air,"Standard Diagnostics, Korea",3508,1052.0,4641.85
BATCH-00737,ARV-014,2025-11-30,2027-11-30,2026-01-04,17,Haiti,Air,"Aurobindo Unit III, India",240,19.0,971.7
BATCH-00738,ARV-001,2025-10-08,2027-10-08,2025-11-06,10,Côte d'Ivoire,Air,"Strides, Bangalore, India.",47614,3453.0,9657.88
BATCH-00739,HRDT-003,2025-05-31,2027-05-31,2025-07-18,17,Botswana,Air,Inverness Japan,8,3.0,690.02
BATCH-00740,ARV-001,2025-01-27,2027-01-27,2025-04-18,28,Zambia,Truck,Mylan (formerly Matrix) Nashik,55000,3925.0,2196.18
BATCH-00741,ARV-004,2025-04-22,2027-04-22,2025-05-27,18,Uganda,Air,"Aurobindo Unit III, India",3505,6556.0,5401.95
BATCH-00742,ARV-001,2025-12-14,2027-12-14,2026-02-10,17,Cameroon,Air,"Strides, Bangalore, India.",25945,1638.0,18141.62
BATCH-00743,ARV-008,2026-01-23,2028-01-23,2026-03-08,15,Vietnam,Air,Hetero Unit III Hyderabad IN,1436,2832.0,7474.2
BATCH-00744,HRDT-001,2025-11-23,2027-11-23,2025-12-13,9,Mali,Air,"Alere Medical Co., Ltd.",184,84.0,3252.26
BATCH-00745,ARV-016,2025-10-10,2027-10-10,2025-12-19,26,Zambia,Truck,Hetero Unit III Hyderabad IN,2573,207.0,1900.0
BATCH-00746,ARV-003,2025-06-03,2027-06-03,2025-08-03,11,Côte d'Ivoire,Air,"Aurobindo Unit III, India",80010,9402.0,33266.37
BATCH-00747,ARV-005,2026-03-24,2028-03-23,2026-05-07,8,Nigeria,Air Charter,ABBVIE Ludwigshafen Germany,70000,15198.0,26180.0
BATCH-00748,ARV-004,2025-03-26,2027-03-26,2025-04-19,10,Nigeria,Air,"Aurobindo Unit III, India",14277,2033.0,15307.62
BATCH-00749,ARV-003,2025-04-23,2027-04-23,2025-05-16,10,Côte d'Ivoire,Air,"Aurobindo Unit III, India",10000,1456.0,5048.32
BATCH-00750,ARV-001,2025-08-22,2027-08-22,2025-09-23,4,Nigeria,Air Charter,Mylan (formerly Matrix) Nashik,87744,7194.0,12601.07
BATCH-00751,ARV-012,2025-08-21,2027-08-21,2025-10-13,21,Vietnam,Air,Hetero Unit III Hyderabad IN,22925,3723.0,19056.13
BATCH-00752,ARV-008,2026-02-20,2028-02-20,2026-04-06,10,Tanzania,Truck,Mylan (formerly Matrix) Nashik,2469,230.0,1163.2
BATCH-00753,ARV-004,2026-03-16,2028-03-15,2026-04-12,9,Côte d'Ivoire,Truck,"Aurobindo Unit III, India",55995,4899.0,19497.24
BATCH-00754,ARV-002,2025-07-30,2027-07-30,2025-09-29,29,Zambia,Truck,Hetero Unit III Hyderabad IN,31043,1785.0,7962.25
BATCH-00755,ARV-008,2025-12-22,2027-12-22,2026-02-01,20,Tanzania,Truck,"Aurobindo Unit III, India",13370,1337.0,10540.22
BATCH-00756,ARV-015,2025-06-11,2027-06-11,2025-08-04,12,Uganda,Air,Mylan (formerly Matrix) Nashik,1500,109.0,2288.29
BATCH-00757,ARV-002,2025-08-17,2027-08-17,2025-10-21,17,Haiti,Air,"Aurobindo Unit III, India",2848,1066.0,10794.84
BATCH-00758,ARV-007,2025-07-11,2027-07-11,2025-08-31,11,South Africa,Air,"Aurobindo Unit III, India",75048,4023.0,3315.23
BATCH-00759,HRDT-001,2025-12-15,2027-12-15,2025-12-27,7,Nigeria,Air,"Alere Medical Co., Ltd.",2744,1235.0,25577.2
BATCH-00760,ARV-005,2025-10-28,2027-10-28,2026-01-12,17,Uganda,Air,ABBVIE Ludwigshafen Germany,2880,335.0,3446.07
BATCH-00761,ARV-014,2025-08-31,2027-08-31,2025-09-13,7,Dominican Republic,Air,"Aurobindo Unit III, India",5100,319.0,3026.24
BATCH-00762,ARV-005,2025-11-03,2027-11-03,2026-01-15,14,Zambia,Air,ABBVIE (Abbott) Logis. UK,760,757.0,10365.14
BATCH-00763,ARV-003,2025-08-09,2027-08-09,2025-09-05,21,Uganda,Air,"Aurobindo Unit III, India",4176,567.0,2768.96
BATCH-00764,ARV-007,2025-06-04,2027-06-04,2025-07-27,20,Ethiopia,Air,"Aurobindo Unit III, India",5000,276.0,2211.22
BATCH-00765,ARV-011,2025-10-26,2027-10-26,2025-11-16,11,Vietnam,Air,Mylan (formerly Matrix) Nashik,5451,1675.0,3401.49
BATCH-00766,ARV-012,2025-05-18,2027-05-18,2025-06-22,25,Mozambique,Truck,"Strides, Bangalore, India.",17000,4374.0,1799.88
BATCH-00767,ARV-005,2024-12-31,2026-12-31,2025-02-26,15,Vietnam,Air,ABBVIE Ludwigshafen Germany,500,117.0,1767.38
BATCH-00768,ARV-001,2025-11-21,2027-11-21,2026-01-12,7,Nigeria,Air Charter,"Strides, Bangalore, India.",80000,4847.0,14547.55
BATCH-00769,ARV-017,2025-11-16,2027-11-16,2025-12-07,10,Zambia,Truck,Mylan (formerly Matrix) Nashik,60000,6801.0,7317.47
BATCH-00770,ARV-015,2025-04-05,2027-04-05,2025-06-08,6,Nigeria,Air Charter,"Aspen-OSD, Port Elizabeth, SA",24269,2094.0,7329.83
BATCH-00771,ARV-001,2025-08-12,2027-08-12,2025-09-19,16,Haiti,Air,"MSD, Haarlem, NL",525,159.0,290.0
BATCH-00772,ARV-004,2025-04-24,2027-04-24,2025-06-06,21,Uganda,Air,Mylan (formerly Matrix) Nashik,3574,14.0,1375.36
BATCH-00773,ARV-003,2025-05-17,2027-05-17,2025-06-12,5,Vietnam,Air,"Aurobindo Unit III, India",3500,1804.0,6341.88
BATCH-00774,ARV-009,2025-07-08,2027-07-08,2025-09-26,50,South Africa,Ocean,"Cipla, Goa, India",150000,10156.0,13731.6
BATCH-00775,ARV-004,2026-02-16,2028-02-16,2026-03-29,27,Côte d'Ivoire,Truck,"Cipla, Goa, India",697,47.0,270.74
BATCH-00776,ARV-003,2026-02-08,2028-02-08,2026-04-06,29,Mozambique,Truck,Mylan (formerly Matrix) Nashik,74930,9100.0,6507.33
BATCH-00777,ARV-010,2026-03-23,2028-03-22,2026-04-25,17,Uganda,Truck,"Cipla, Kurkumbh, India",19086,2389.0,10011.25
BATCH-00778,ARV-001,2025-06-11,2027-06-11,2025-06-25,7,Uganda,Air,"Aurobindo Unit III, India",3740,322.0,3054.1
BATCH-00779,HRDT-013,2025-02-01,2027-02-01,2025-03-07,9,Côte d'Ivoire,Air,"Standard Diagnostics, Korea",2000,750.0,7961.7
BATCH-00780,ARV-005,2025-11-27,2027-11-27,2026-02-03,27,Zimbabwe,Truck,Mylan (formerly Matrix) Nashik,8599,2293.0,4529.67
BATCH-00781,ARV-005,2025-03-25,2027-03-25,2025-05-29,19,Haiti,Air,ABBVIE Ludwigshafen Germany,14,7.0,810.36
BATCH-00782,HRDT-005,2025-03-10,2027-03-10,2025-04-18,15,Tanzania,Air,"Standard Diagnostics, Korea",10000,3110.0,22663.18
BATCH-00783,HRDT-014,2025-10-16,2027-10-16,2025-11-14,7,Namibia,Air,Chembio Diagnostics Sys. Inc.,50,36.0,481.63
BATCH-00784,ARV-001,2025-07-02,2027-07-02,2025-08-26,7,Vietnam,Air,Mylan (formerly Matrix) Nashik,48235,3919.0,11372.45
BATCH-00785,HRDT-017,2025-03-13,2027-03-13,2025-05-07,13,Botswana,Air,"Orasure Technologies, Inc USA",10,7.0,526.05
BATCH-00786,ARV-002,2026-01-09,2028-01-09,2026-03-15,15,Vietnam,Air,"Aurobindo Unit III, India",6600,657.0,1192.25
BATCH-00787,ARV-008,2026-02-03,2028-02-03,2026-04-05,7,Tanzania,Truck,Mylan (formerly Matrix) Nashik,24876,2345.0,2456.74
BATCH-00788,HRDT-003,2025-05-29,2027-05-29,2025-08-03,16,Namibia,Air,Inverness Japan,170,40.0,2883.51
BATCH-00789,ARV-001,2025-01-22,2027-01-22,2025-04-02,14,Namibia,Air,"Aurobindo Unit III, India",2100,181.0,690.39
BATCH-00790,ARV-014,2026-01-15,2028-01-15,2026-02-16,5,Zimbabwe,Air,Bristol-Myers Squibb Anagni IT,372,95.0,2265.88
BATCH-00791,ARV-005,2025-03-16,2027-03-16,2025-04-17,6,Vietnam,Air,ABBVIE Ludwigshafen Germany,1520,385.0,4393.32
BATCH-00792,ARV-010,2026-03-10,2028-03-09,2026-04-18,17,Rwanda,Truck,Hetero Unit III Hyderabad IN,73467,17317.0,26620.36
BATCH-00793,HRDT-004,2025-02-25,2027-02-25,2025-03-31,17,Nigeria,Air,Chembio Diagnostics Sys. Inc.,8153,2707.0,13535.55
BATCH-00794,ARV-002,2025-12-06,2027-12-06,2026-02-16,26,Côte d'Ivoire,Truck,"Aurobindo Unit III, India",2000,736.0,4747.87
BATCH-00795,ARV-001,2025-10-02,2027-10-02,2025-11-22,7,Nigeria,Air Charter,"Aurobindo Unit III, India",2067,307.0,17090.0
BATCH-00796,ARV-002,2026-01-11,2028-01-11,2026-04-05,35,Haiti,Ocean,"Aurobindo Unit III, India",1295,536.0,1893.24
BATCH-00797,HRDT-001,2025-12-30,2027-12-30,2026-02-03,21,Nigeria,Air,"Alere Medical Co., Ltd.",3067,1228.0,13325.65
BATCH-00798,ARV-016,2025-12-05,2027-12-05,2026-01-18,12,Haiti,Air,Hetero Unit III Hyderabad IN,336,37.0,1845.9
BATCH-00799,HRDT-004,2026-02-24,2028-02-24,2026-03-23,10,Ethiopia,Air,Chembio Diagnostics Sys. Inc.,679,195.0,2211.04
BATCH-00800,ARV-002,2025-10-20,2027-10-20,2025-12-30,17,Zimbabwe,Truck,"Aurobindo Unit III, India",62500,23176.0,17308.69
BATCH-00801,ARV-013,2025-06-15,2027-06-15,2025-07-09,5,Mozambique,Air,"Aurobindo Unit III, India",735,47.0,955.36
BATCH-00802,ARV-002,2025-07-20,2027-07-20,2025-08-11,10,Vietnam,Air,"Strides, Bangalore, India.",4065,497.0,6269.65
BATCH-00803,ARV-006,2026-01-20,2028-01-20,2026-03-16,19,Rwanda,Truck,"Aurobindo Unit III, India",507,185.0,2342.16
BATCH-00804,HRDT-002,2025-09-21,2027-09-21,2025-12-03,20,Zambia,Air,"Trinity Biotech, Plc",7280,2391.0,25818.23
BATCH-00805,ARV-006,2025-01-15,2027-01-15,2025-03-28,17,Mozambique,Air,"Ranbaxy, Paonta Shahib, India",2106,113.0,919.2
BATCH-00806,ARV-003,2026-02-05,2028-02-05,2026-02-25,10,Nigeria,Air Charter,Mylan (formerly Matrix) Nashik,255001,60779.0,30936.1
BATCH-00807,ARV-017,2025-07-27,2027-07-27,2025-08-26,8,Nigeria,Air Charter,Mylan (formerly Matrix) Nashik,1000,101.0,20264.93
BATCH-00808,ARV-010,2026-02-25,2028-02-25,2026-03-16,6,Zimbabwe,Air,"Aurobindo Unit VII, IN",32760,3155.0,25316.94
BATCH-00809,HRDT-001,2025-06-14,2027-06-14,2025-07-16,11,Kenya,Air,Inverness Japan,7110,1224.0,11847.25
BATCH-00810,ARV-014,2025-07-27,2027-07-27,2025-09-20,21,Rwanda,Air,"Aurobindo Unit III, India",595,87.0,255.0
BATCH-00811,ARV-022,2025-10-26,2027-10-26,2025-11-20,5,Uganda,Air,"MSD, Haarlem, NL",189,19.0,710.0
BATCH-00812,ARV-002,2025-09-07,2027-09-07,2025-10-04,19,Ghana,Air,"Strides, Bangalore, India.",38040,2269.0,226.25
BATCH-00813,ARV-001,2025-06-18,2027-06-18,2025-09-08,49,South Africa,Ocean,"Aurobindo Unit III, India",32083,2808.0,630.5
BATCH-00814,ARV-012,2025-05-21,2027-05-21,2025-06-06,9,Uganda,Air,"Strides, Bangalore, India.",3895,289.0,2798.7
BATCH-00815,ARV-011,2026-04-05,2028-04-04,2026-05-02,10,Nigeria,Air Charter,Hetero Unit III Hyderabad IN,68072,8799.0,15880.0
BATCH-00816,HRDT-012,2025-05-19,2027-05-19,2025-06-12,19,Côte d'Ivoire,Air,Bio-Rad Laboratories,1000,1073.0,8114.11
BATCH-00817,ARV-004,2025-11-17,2027-11-17,2025-12-01,5,Côte d'Ivoire,Air,"Aurobindo Unit III, India",45000,4050.0,11592.26
BATCH-00818,ARV-008,2025-09-02,2027-09-02,2025-10-06,6,Côte d'Ivoire,Air,"Aurobindo Unit III, India",576,212.0,1771.26
BATCH-00819,HRDT-004,2025-09-05,2027-09-05,2025-11-11,16,Ethiopia,Air,Chembio Diagnostics Sys. Inc.,44,15.0,529.4
BATCH-00820,ARV-003,2026-02-23,2028-02-23,2026-05-11,30,Côte d'Ivoire,Truck,"Strides, Bangalore, India.",145000,16614.0,24788.37
BATCH-00821,ARV-001,2025-07-09,2027-07-09,2025-07-24,5,Uganda,Air,Mylan (formerly Matrix) Nashik,2000,563.0,1524.56
BATCH-00822,HRDT-001,2026-02-03,2028-02-03,2026-02-25,16,Mozambique,Air,"Alere Medical Co., Ltd.",9575,3890.0,29244.02
BATCH-00823,ARV-007,2025-08-19,2027-08-19,2025-10-10,29,South Africa,Ocean,"Aurobindo Unit III, India",33207,1720.0,3787.71
BATCH-00824,ARV-019,2025-10-16,2027-10-16,2025-12-11,16,Vietnam,Air,ABBVIE Ludwigshafen Germany,174,21.0,583.66
BATCH-00825,HRDT-005,2025-05-28,2027-05-28,2025-07-28,15,Sudan,Air,"Standard Diagnostics, Korea",60,353.0,3843.25
BATCH-00826,ARV-002,2025-08-08,2027-08-08,2025-10-06,9,Mozambique,Truck,Hetero Unit III Hyderabad IN,2800,161.0,5491.01
BATCH-00827,ARV-011,2026-02-04,2028-02-04,2026-03-08,9,Nigeria,Air Charter,Hetero Unit III Hyderabad IN,40409,5977.0,29674.92
BATCH-00828,ARV-005,2025-09-30,2027-09-30,2025-11-03,20,Rwanda,Air,ABBVIE Ludwigshafen Germany,1305,150.0,2682.48
BATCH-00829,ARV-006,2025-05-10,2027-05-10,2025-06-04,19,Uganda,Air,"Aurobindo Unit III, India",90,5.0,537.32
BATCH-00830,ARV-005,2026-02-11,2028-02-11,2026-03-01,5,Tanzania,Air,ABBVIE Ludwigshafen Germany,1742,208.0,2336.46
BATCH-00831,ARV-003,2025-03-04,2027-03-04,2025-03-21,9,Nigeria,Air,"Aurobindo Unit III, India",4836,531.0,3228.0
BATCH-00832,ARV-016,2025-06-13,2027-06-13,2025-08-16,12,Zambia,Truck,"Cipla, Goa, India",9100,693.0,2997.97
BATCH-00833,ARV-015,2025-03-07,2027-03-07,2025-04-07,12,Nigeria,Air,"Aspen-OSD, Port Elizabeth, SA",3359,300.0,2204.0
BATCH-00834,ARV-010,2025-11-01,2027-11-01,2025-12-31,10,Zimbabwe,Truck,Hetero Unit III Hyderabad IN,221799,58270.0,47389.63
BATCH-00835,ARV-013,2025-03-29,2027-03-29,2025-05-22,19,Côte d'Ivoire,Air,"Aurobindo Unit III, India",1200,115.0,1297.57
BATCH-00836,ARV-002,2026-01-09,2028-01-09,2026-03-09,25,Côte d'Ivoire,Truck,"Aurobindo Unit III, India",4000,750.0,3138.81
BATCH-00837,ARV-001,2025-10-17,2027-10-17,2025-12-04,18,Vietnam,Air,"Aurobindo Unit III, India",3000,436.0,1238.16
BATCH-00838,ARV-014,2025-03-09,2027-03-09,2025-05-06,8,Vietnam,Air,"BMS Meymac, France",240,52.0,1516.05
BATCH-00839,ARV-003,2026-02-26,2028-02-26,2026-03-10,5,Mozambique,Air,Hetero Unit III Hyderabad IN,24816,3392.0,16835.52
BATCH-00840,ARV-004,2025-07-31,2027-07-31,2025-08-30,20,Vietnam,Air,"Aurobindo Unit III, India",20000,1951.0,13083.7
BATCH-00841,HRDT-004,2025-01-26,2027-01-26,2025-03-04,9,Guyana,Air,Chembio Diagnostics Sys. Inc.,120,35.0,379.62
BATCH-00842,ARV-012,2025-11-27,2027-11-27,2026-01-14,22,Tanzania,Truck,"Cipla, Goa, India",12917,2461.0,3592.8
BATCH-00843,ARV-001,2025-12-19,2027-12-19,2026-02-12,20,Uganda,Air,"Cipla, Goa, India",50000,5593.0,19759.68
BATCH-00844,HRDT-001,2025-06-14,2027-06-14,2025-08-03,5,Nigeria,Air,Inverness Japan,2334,1130.0,21654.06
BATCH-00845,ARV-001,2025-02-28,2027-02-28,2025-04-13,7,Zambia,Truck,Mylan (formerly Matrix) Nashik,50000,3422.0,5936.99
BATCH-00846,ARV-006,2025-10-18,2027-10-18,2025-11-11,5,"Congo, DRC",Air,Hetero Unit III Hyderabad IN,220,12.0,91.43
BATCH-00847,ARV-006,2025-09-12,2027-09-12,2025-10-12,7,Côte d'Ivoire,Air,Hetero Unit III Hyderabad IN,17820,955.0,12606.03
BATCH-00848,ARV-005,2025-08-16,2027-08-16,2025-10-06,5,Guyana,Air,ABBVIE Ludwigshafen Germany,1324,334.0,2171.57
BATCH-00849,ARV-005,2025-12-03,2027-12-03,2026-01-06,18,Haiti,Air,ABBVIE Ludwigshafen Germany,936,128.0,1637.86
BATCH-00850,ARV-006,2025-08-20,2027-08-20,2025-10-12,21,Mozambique,Truck,Hetero Unit III Hyderabad IN,3357,181.0,315.51
BATCH-00851,ARV-007,2025-01-11,2027-01-11,2025-03-07,21,Vietnam,Air,"Ranbaxy, Paonta Shahib, India",100,6.0,2794.34
BATCH-00852,HRDT-003,2025-02-15,2027-02-15,2025-04-20,18,Haiti,Air,Inverness Japan,2059,470.0,3684.28
BATCH-00853,HRDT-003,2025-01-29,2027-01-29,2025-04-04,21,Côte d'Ivoire,Air,Inverness Japan,1116,255.0,5303.05
BATCH-00854,HRDT-001,2026-03-11,2028-03-10,2026-04-19,9,Nigeria,Air,"Alere Medical Co., Ltd.",6110,2474.0,31305.04
BATCH-00855,ARV-015,2026-01-22,2028-01-22,2026-02-26,13,Tanzania,Truck,"Aurobindo Unit III, India",40000,7393.0,7083.18
BATCH-00856,ARV-014,2025-08-11,2027-08-11,2025-09-24,19,Ethiopia,Air,"Aurobindo Unit III, India",6872,577.0,2143.5
BATCH-00857,ARV-001,2025-03-22,2027-03-22,2025-04-30,12,Zambia,Truck,Mylan (formerly Matrix) Nashik,50000,3817.0,4579.42
BATCH-00858,HRDT-001,2024-12-23,2026-12-23,2025-01-14,5,Zambia,Air,ABBVIE GmbH & Co.KG Wiesbaden,2500,857354.0,5157.65
BATCH-00859,ARV-005,2026-01-06,2028-01-06,2026-03-02,16,Côte d'Ivoire,Air,ABBVIE Ludwigshafen Germany,5900,701.0,7008.1
BATCH-00860,ARV-001,2025-07-13,2027-07-13,2025-08-16,18,South Africa,Air,"Aurobindo Unit III, India",11510,993.0,4263.07
BATCH-00861,ARV-002,2025-10-20,2027-10-20,2025-12-20,21,Nigeria,Air,"Strides, Bangalore, India.",16870,7973.0,51090.0
BATCH-00862,ARV-003,2025-10-21,2027-10-21,2026-01-04,29,Uganda,Truck,"Cipla, Goa, India",42717,5732.0,25118.88
BATCH-00863,ARV-011,2025-12-04,2027-12-04,2026-02-06,7,Vietnam,Air,Mylan (formerly Matrix) Nashik,14500,1640.0,2503.07
BATCH-00864,ARV-004,2026-01-06,2028-01-06,2026-02-04,18,Cameroon,Air,"Cipla, Goa, India",59,23.0,1067.02
BATCH-00865,ARV-003,2025-09-21,2027-09-21,2025-11-17,11,Nigeria,Air Charter,Mylan (formerly Matrix) Nashik,326131,46522.0,27441.22
BATCH-00866,ARV-001,2026-01-08,2028-01-08,2026-02-02,16,Uganda,Air,"Strides, Bangalore, India.",111348,6953.0,30711.92
BATCH-00867,ARV-001,2025-10-22,2027-10-22,2025-12-02,18,Uganda,Air,"Strides, Bangalore, India.",13373,816.0,7964.24
BATCH-00868,ARV-004,2025-06-11,2027-06-11,2025-07-14,19,Rwanda,Air,Mylan (formerly Matrix) Nashik,34464,2768.0,29603.24
BATCH-00869,HRDT-002,2025-10-06,2027-10-06,2025-10-31,12,Sudan,Air,"Trinity Biotech, Plc",58,19.0,594.51
BATCH-00870,HRDT-006,2025-10-21,2027-10-21,2025-11-09,5,Ethiopia,Air,"KHB Test Kit Facility, Shanghai China",1362,970.0,8851.4
BATCH-00871,ARV-006,2025-07-12,2027-07-12,2025-08-29,41,South Africa,Ocean,"Aurobindo Unit III, India",75000,2915.0,6012.42
BATCH-00872,HRDT-001,2026-01-09,2028-01-09,2026-03-08,8,Dominican Republic,Air,"Alere Medical Co., Ltd.",2400,978.0,10159.15
BATCH-00873,HRDT-007,2025-02-09,2027-02-09,2025-02-23,6,Haiti,Air,Inverness Japan,300,24.0,240.0
BATCH-00874,HRDT-022,2025-08-19,2027-08-19,2025-09-21,7,Sudan,Air,"Standard Diagnostics, Korea",13,1.0,137.5
BATCH-00875,ARV-004,2025-01-23,2027-01-23,2025-03-23,16,Tanzania,Air,"Aurobindo Unit III, India",9476,1008.0,4207.4
BATCH-00876,ARV-004,2025-05-24,2027-05-24,2025-07-30,8,Nigeria,Air Charter,Hetero Unit III Hyderabad IN,1227,107.0,9736.1
BATCH-00877,HRDT-001,2026-01-06,2028-01-06,2026-03-12,14,Haiti,Air,"Alere Medical Co., Ltd.",4000,1623.0,15230.88
BATCH-00878,ARV-008,2025-06-23,2027-06-23,2025-07-22,17,Vietnam,Air,Mylan (formerly Matrix) Nashik,100,2128.0,7784.92
BATCH-00879,ARV-002,2025-05-30,2027-05-30,2025-08-11,14,Tanzania,Air,"Aurobindo Unit III, India",28663,3380.0,17603.58
BATCH-00880,HRDT-001,2025-12-05,2027-12-05,2026-01-29,15,South Sudan,Air,"Alere Medical Co., Ltd.",90,39.0,1434.98
BATCH-00881,ARV-003,2026-03-25,2028-03-24,2026-04-14,6,Tanzania,Air,Mylan (formerly Matrix) Nashik,31153,1739.0,10506.44
BATCH-00882,ARV-001,2026-02-22,2028-02-22,2026-04-11,19,Vietnam,Air,"Micro labs, Verna, Goa, India",21000,3244.0,6195.84
BATCH-00883,HRDT-001,2025-05-05,2027-05-05,2025-07-11,12,Kenya,Air,Inverness Japan,3750,1065.0,10075.76
BATCH-00884,ARV-003,2025-11-16,2027-11-16,2025-12-22,10,Zimbabwe,Truck,"Cipla, Goa, India",15120,5754.0,10075.8
BATCH-00885,ARV-001,2025-11-25,2027-11-25,2026-01-05,26,Guyana,Truck,"Strides, Bangalore, India.",49,110.0,3178.0
BATCH-00886,ARV-002,2025-06-21,2027-06-21,2025-08-30,17,South Africa,Air,"Aurobindo Unit III, India",26400,3113.0,5159.33
BATCH-00887,ARV-021,2025-05-17,2027-05-17,2025-07-18,5,Côte d'Ivoire,Air,Roche Basel,1500,271.0,2527.94
BATCH-00888,ARV-006,2025-06-13,2027-06-13,2025-08-18,8,South Africa,Air,"Aurobindo Unit III, India",16999,912.0,1791.42
BATCH-00889,HRDT-001,2025-10-20,2027-10-20,2025-12-21,5,Tanzania,Air,"Alere Medical Co., Ltd.",2744,1303.0,22317.25
BATCH-00890,ARV-013,2025-08-17,2027-08-17,2025-10-18,9,Haiti,Air,"Aurobindo Unit III, India",3850,230.0,2936.8
BATCH-00891,ARV-016,2025-03-30,2027-03-30,2025-05-07,9,Zimbabwe,Truck,"Cipla, Goa, India",8000,8855.0,29883.7
BATCH-00892,ARV-010,2025-11-27,2027-11-27,2026-01-05,24,Zimbabwe,Truck,"Aurobindo Unit VII, IN",132320,12328.0,9405.81
BATCH-00893,ARV-002,2025-11-16,2027-11-16,2026-01-12,19,Zimbabwe,Truck,"Aurobindo Unit III, India",40520,20226.0,21173.75
BATCH-00894,ARV-007,2025-12-19,2027-12-19,2026-02-04,30,Mozambique,Truck,"Aurobindo Unit III, India",13100,5291.0,4044.33
BATCH-00895,ARV-021,2025-02-14,2027-02-14,2025-04-03,17,Côte d'Ivoire,Air,Roche Basel,977,490.0,1765.4
BATCH-00896,ARV-007,2025-10-04,2027-10-04,2025-12-05,21,Côte d'Ivoire,Truck,"Aurobindo Unit III, India",490,4359.0,12101.96
BATCH-00897,ARV-001,2025-04-08,2027-04-08,2025-06-23,19,Zambia,Truck,"Aurobindo Unit III, India",88000,7579.0,6759.28
BATCH-00898,HRDT-002,2025-03-14,2027-03-14,2025-04-08,5,Pakistan,Air,"Trinity Biotech, Plc",10,3.0,400.75
BATCH-00899,HRDT-003,2025-07-18,2027-07-18,2025-08-11,6,Côte d'Ivoire,Air,Inverness Japan,3000,679.0,11163.49
BATCH-00900,ARV-001,2025-03-04,2027-03-04,2025-05-03,15,Nigeria,Air,"Aurobindo Unit III, India",2003,181.0,18617.93
BATCH-00901,ARV-001,2026-01-31,2028-01-31,2026-02-10,5,Burundi,Air,"Strides, Bangalore, India.",5568,342.0,3325.77
BATCH-00902,HRDT-006,2026-01-22,2028-01-22,2026-03-04,5,Rwanda,Air,"KHB Test Kit Facility, Shanghai China",2988,1992.0,26266.34
BATCH-00903,ARV-002,2025-05-22,2027-05-22,2025-07-15,8,Côte d'Ivoire,Air,"Aurobindo Unit III, India",4319,409.0,1083.3
BATCH-00904,ARV-002,2025-11-15,2027-11-15,2025-12-31,11,Nigeria,Air Charter,"Aurobindo Unit III, India",49295,12032.0,29780.5
BATCH-00905,ARV-008,2025-06-05,2027-06-05,2025-07-13,12,Rwanda,Air,"Aurobindo Unit III, India",9270,1010.0,16847.52
BATCH-00906,ARV-003,2025-05-14,2027-05-14,2025-07-20,17,Vietnam,Air,"Aurobindo Unit III, India",12700,1572.0,13479.25
BATCH-00907,ARV-009,2025-02-26,2027-02-26,2025-04-03,11,Nigeria,Air,Gilead(Nycomed) Oranienburg DE,109,422.0,2812.3
BATCH-00908,ARV-015,2025-04-28,2027-04-28,2025-06-15,4,Nigeria,Air Charter,"Aspen-OSD, Port Elizabeth, SA",149824,13037.0,7445.8
BATCH-00909,HRDT-001,2025-04-29,2027-04-29,2025-06-09,11,Nigeria,Air,Inverness Japan,6393,1920.0,30697.91
BATCH-00910,HRDT-001,2026-03-18,2028-03-17,2026-03-30,6,Mozambique,Air,"Alere Medical Co., Ltd.",4708,1914.0,13489.96
BATCH-00911,HRDT-002,2025-10-15,2027-10-15,2025-12-06,18,Kenya,Air,"Trinity Biotech, Plc",20000,6568.0,41300.11
BATCH-00912,ARV-012,2025-02-08,2027-02-08,2025-02-26,11,Zimbabwe,Truck,"Cipla, Goa, India",125000,12779.0,41772.09
BATCH-00913,ARV-004,2026-01-16,2028-01-16,2026-03-29,16,Zambia,Truck,"Cipla, Goa, India",36852,3324.0,4266.62
BATCH-00914,ARV-007,2026-01-26,2028-01-26,2026-03-26,21,"Congo, DRC",Air,"Aurobindo Unit III, India",1000,204.0,3298.78
BATCH-00915,ARV-013,2025-05-25,2027-05-25,2025-07-04,15,Haiti,Air,"Aurobindo Unit III, India",108,1857.0,11091.78
BATCH-00916,ARV-005,2025-11-23,2027-11-23,2026-01-05,12,Tanzania,Air,ABBVIE Ludwigshafen Germany,407,68.0,1264.16
BATCH-00917,ARV-015,2026-01-10,2028-01-10,2026-03-10,20,Tanzania,Truck,"Aurobindo Unit III, India",20921,6692.0,6010.2
BATCH-00918,ARV-025,2025-03-08,2027-03-08,2025-04-14,18,Mozambique,Air,"MSD, Haarlem, NL",1428,2955.0,4551.52
BATCH-00919,ARV-005,2025-11-17,2027-11-17,2025-12-16,9,Zimbabwe,Air,ABBVIE (Abbott) Logis. UK,1500,1374.0,15504.4
BATCH-00920,ARV-008,2025-08-11,2027-08-11,2025-10-25,47,South Africa,Ocean,GSK Mississauga (Canada),20000,7664.0,8301.76
BATCH-00921,HRDT-002,2025-02-27,2027-02-27,2025-04-06,19,Guyana,Air,"Trinity Biotech, Plc",832,832.0,3740.04
BATCH-00922,ARV-011,2025-11-26,2027-11-26,2026-01-25,14,Uganda,Air,Hetero Unit III Hyderabad IN,35930,4811.0,2486.5
BATCH-00923,ARV-001,2025-06-24,2027-06-24,2025-07-21,17,Uganda,Truck,Mylan (formerly Matrix) Nashik,4200,238.0,2021.53
BATCH-00924,ARV-013,2025-06-09,2027-06-09,2025-08-05,7,Haiti,Air,"Strides, Bangalore, India.",7560,2027.0,19372.86
BATCH-00925,ARV-011,2026-02-25,2028-02-25,2026-03-30,9,Ghana,Air,Mylan (formerly Matrix) Nashik,38692,4707.0,32683.47
BATCH-00926,ARV-002,2025-01-19,2027-01-19,2025-03-16,21,Ethiopia,Air,"Aurobindo Unit III, India",1255,120.0,1318.0
BATCH-00927,ARV-010,2025-09-21,2027-09-21,2025-10-18,14,Swaziland,Air,Mylan (formerly Matrix) Nashik,17300,2036.0,15635.84
BATCH-00928,ARV-001,2025-06-24,2027-06-24,2025-08-03,14,Mozambique,Truck,Mylan (formerly Matrix) Nashik,12250,1866.0,10959.63
BATCH-00929,ARV-001,2025-06-04,2027-06-04,2025-08-01,12,South Africa,Air,"Aurobindo Unit III, India",54000,4568.0,6105.79
BATCH-00930,ARV-018,2026-02-26,2028-02-26,2026-04-06,20,Côte d'Ivoire,Truck,Mylan (formerly Matrix) Nashik,2400,213.0,1422.54
BATCH-00931,ARV-004,2026-03-11,2028-03-10,2026-04-06,14,Haiti,Air,Hetero Unit III Hyderabad IN,29635,2608.0,21886.49
BATCH-00932,ARV-007,2025-05-17,2027-05-17,2025-07-05,16,Uganda,Air,"Aurobindo Unit III, India",4730,260.0,1898.84
BATCH-00933,ARV-017,2025-12-13,2027-12-13,2025-12-31,5,Nigeria,Air Charter,Mylan (formerly Matrix) Nashik,98791,12135.0,29780.5
BATCH-00934,ARV-007,2026-01-27,2028-01-27,2026-03-06,16,Tanzania,Air,"Aurobindo Unit III, India",31528,1899.0,10879.44
BATCH-00935,ARV-004,2026-02-18,2028-02-18,2026-04-05,17,Tanzania,Truck,"Cipla, Goa, India",11688,1673.0,5364.61
BATCH-00936,ARV-019,2026-02-11,2028-02-11,2026-04-08,20,Uganda,Air,ABBVIE Ludwigshafen Germany,579,83.0,800.0
BATCH-00937,ARV-004,2025-08-22,2027-08-22,2025-10-11,10,Mozambique,Truck,"Aurobindo Unit III, India",15048,1391.0,3525.04
BATCH-00938,ARV-002,2025-08-15,2027-08-15,2025-10-06,10,Mozambique,Truck,"Aurobindo Unit III, India",14000,14413.0,5491.01
BATCH-00939,ARV-008,2025-09-29,2027-09-29,2025-12-07,18,Zimbabwe,Truck,"Aurobindo Unit III, India",100,37.0,588.71
BATCH-00940,ARV-002,2026-02-22,2028-02-22,2026-03-15,13,Vietnam,Air,"Emcure Plot No.P-2, I.T-B.T. Park, Phase II, MIDC, Hinjwadi, Pune, India",12937,875.0,2181.91
BATCH-00941,ARV-010,2025-05-24,2027-05-24,2025-07-03,16,Uganda,Air,Mylan (formerly Matrix) Nashik,3760,315.0,5254.17
BATCH-00942,ARV-008,2025-07-26,2027-07-26,2025-08-11,11,Tanzania,Air,Mylan (formerly Matrix) Nashik,23358,2344.0,9309.52
BATCH-00943,ARV-007,2025-09-05,2027-09-05,2025-09-30,20,Côte d'Ivoire,Air,"Aurobindo Unit III, India",4965,1784.0,2503.33
BATCH-00944,ARV-013,2025-07-16,2027-07-16,2025-08-14,13,Côte d'Ivoire,Air,"Strides, Bangalore, India.",5670,317.0,12648.36
BATCH-00945,HRDT-004,2025-03-10,2027-03-10,2025-04-23,7,Nigeria,Air,Chembio Diagnostics Sys. Inc.,6520,2224.0,12768.47
BATCH-00946,ARV-014,2026-01-25,2028-01-25,2026-03-27,7,"Congo, DRC",Air,"Aurobindo Unit III, India",100,9.0,734.66
BATCH-00947,ARV-012,2025-01-30,2027-01-30,2025-04-08,21,Mozambique,Air,"Cipla, Goa, India",73012,14083.0,11053.53
BATCH-00948,HRDT-001,2025-10-05,2027-10-05,2025-11-21,7,Côte d'Ivoire,Air,"Alere Medical Co., Ltd.",3000,1428.0,28142.92
BATCH-00949,HRDT-017,2025-04-27,2027-04-27,2025-07-04,21,Botswana,Air,"Orasure Technologies, Inc USA",10,6.0,304.76
BATCH-00950,ARV-013,2025-03-18,2027-03-18,2025-04-10,9,Haiti,Air,"Aurobindo Unit III, India",4725,1154.0,12508.65
BATCH-00951,HRDT-003,2025-01-23,2027-01-23,2025-03-21,6,Haiti,Air,Inverness Japan,1000,228.0,4829.61
BATCH-00952,ARV-005,2025-01-17,2027-01-17,2025-03-21,10,Côte d'Ivoire,Air,ABBVIE Ludwigshafen Germany,2121,465.0,2206.0
BATCH-00953,ARV-006,2025-07-05,2027-07-05,2025-08-31,47,South Africa,Ocean,"Strides, Bangalore, India.",168711,8183.0,12225.76
BATCH-00954,ARV-013,2025-02-07,2027-02-07,2025-03-21,12,Vietnam,Air,"Aurobindo Unit III, India",400,83.0,2426.05
BATCH-00955,ARV-014,2025-02-19,2027-02-19,2025-05-05,25,Zambia,Truck,"Aurobindo Unit III, India",4200,867.0,2938.92
BATCH-00956,ARV-024,2025-04-16,2027-04-16,2025-06-01,15,Uganda,Air,"BMS Meymac, France",60,3000.0,428.91
BATCH-00957,ARV-001,2025-06-02,2027-06-02,2025-07-30,7,Nigeria,Air Charter,"Aurobindo Unit III, India",7500,662.0,9736.1
BATCH-00958,ARV-004,2026-02-12,2028-02-12,2026-05-01,22,Zimbabwe,Truck,"Cipla, Goa, India",47733,6368.0,2592.56
BATCH-00959,ARV-002,2025-01-24,2027-01-24,2025-03-17,21,Ethiopia,Air,"Aurobindo Unit III, India",12745,1197.0,8332.0
BATCH-00960,ARV-002,2025-11-17,2027-11-17,2025-12-07,12,Rwanda,Air,"Aurobindo Unit III, India",57364,5468.0,48501.5
BATCH-00961,ARV-015,2025-06-30,2027-06-30,2025-07-30,7,Côte d'Ivoire,Air,"Aspen-OSD, Port Elizabeth, SA",3120,798.0,2941.11
BATCH-00962,HRDT-005,2025-09-18,2027-09-18,2025-10-15,11,Tanzania,Air,"Standard Diagnostics, Korea",10000,3334.0,45032.55
BATCH-00963,HRDT-002,2025-11-09,2027-11-09,2025-12-29,19,Nigeria,Air,"Trinity Biotech, Plc",24510,8273.0,94267.77
BATCH-00964,ARV-001,2025-04-08,2027-04-08,2025-05-23,8,Ethiopia,Air,Mylan (formerly Matrix) Nashik,28926,4593.0,16901.37
BATCH-00965,ARV-003,2025-10-11,2027-10-11,2025-12-01,21,Côte d'Ivoire,Air,"Aurobindo Unit III, India",80032,11720.0,11702.27
BATCH-00966,ARV-011,2025-12-16,2027-12-16,2026-01-15,15,Uganda,Air,Hetero Unit III Hyderabad IN,238606,31473.0,24816.73
BATCH-00967,HRDT-001,2025-07-21,2027-07-21,2025-08-26,15,Kenya,Air,Inverness Japan,1,1233.0,13753.58
BATCH-00968,ARV-019,2025-02-07,2027-02-07,2025-03-31,10,Vietnam,Air,ABBVIE (Abbott) Logis. UK,100,337.0,2535.4
BATCH-00969,ARV-006,2025-10-01,2027-10-01,2025-10-27,20,Vietnam,Air,"Strides, Bangalore, India.",16645,742.0,5440.01
BATCH-00970,ARV-002,2025-06-20,2027-06-20,2025-07-13,7,Uganda,Truck,"Aurobindo Unit III, India",1600,157.0,1601.5
BATCH-00971,HRDT-002,2025-03-15,2027-03-15,2025-05-18,10,Guyana,Air,"Trinity Biotech, Plc",2086,707.0,5926.53
BATCH-00972,HRDT-001,2026-01-06,2028-01-06,2026-01-28,12,Zambia,Air,"Alere Medical Co., Ltd.",3038,1259.0,19517.12
BATCH-00973,ARV-008,2025-01-06,2027-01-06,2025-02-15,13,Zambia,Air,"Aurobindo Unit III, India",192,70.0,650.12
BATCH-00974,HRDT-002,2025-08-20,2027-08-20,2025-09-18,13,Mozambique,Air,"Trinity Biotech, Plc",108,41.0,897.87
BATCH-00975,ARV-001,2025-11-12,2027-11-12,2025-11-29,7,Uganda,Air,"Aurobindo Unit III, India",54383,4668.0,20869.6
BATCH-00976,ARV-006,2025-11-23,2027-11-23,2025-12-29,8,Vietnam,Air,"Micro labs, Verna, Goa, India",22430,939.0,2040.93
BATCH-00977,ARV-007,2025-11-10,2027-11-10,2025-12-22,9,Zimbabwe,Truck,"Cipla, Goa, India",35061,2247.0,8194.09
BATCH-00978,ARV-003,2025-04-27,2027-04-27,2025-05-25,14,Uganda,Air,"Aurobindo Unit III, India",1893,215.0,2408.91
BATCH-00979,ARV-004,2025-09-14,2027-09-14,2025-10-03,10,Ghana,Air,"Aurobindo Unit III, India",29998,3274.0,21881.71
BATCH-00980,ARV-010,2025-12-02,2027-12-02,2026-01-03,20,Côte d'Ivoire,Truck,Hetero Unit III Hyderabad IN,6500,677.0,3880.14
BATCH-00981,HRDT-001,2025-10-06,2027-10-06,2025-11-30,15,Tanzania,Air,"Alere Medical Co., Ltd.",1387,662.0,12035.47
BATCH-00982,HRDT-001,2025-06-09,2027-06-09,2025-08-16,16,Botswana,Air,Inverness Japan,10,5.0,760.22
BATCH-00983,ARV-005,2026-01-16,2028-01-16,2026-02-07,8,Nigeria,Air Charter,ABBVIE Ludwigshafen Germany,56260,12427.0,20225.08
BATCH-00984,HRDT-008,2025-01-26,2027-01-26,2025-03-05,16,Zimbabwe,Air,"Pacific Biotech, Thailand",10,24.0,536.08
BATCH-00985,ARV-004,2025-04-24,2027-04-24,2025-05-31,14,Côte d'Ivoire,Air,"Aurobindo Unit III, India",28624,2583.0,7608.7
BATCH-00986,HRDT-001,2025-11-03,2027-11-03,2025-12-13,16,Zambia,Air,"Alere Medical Co., Ltd.",4004,1907.0,34940.02
BATCH-00987,HRDT-005,2024-12-26,2026-12-26,2025-01-28,15,Zambia,Air,"Standard Diagnostics, Korea",400,134.0,963.73
BATCH-00988,ARV-002,2025-11-08,2027-11-08,2025-11-30,14,Tanzania,Truck,"Aurobindo Unit III, India",29504,10913.0,3853.89
BATCH-00989,ARV-002,2025-09-03,2027-09-03,2025-10-15,9,Haiti,Air,Hetero Unit III Hyderabad IN,15000,877.0,9178.48
BATCH-00990,ARV-002,2025-05-14,2027-05-14,2025-06-25,18,Côte d'Ivoire,Air,"Aurobindo Unit III, India",1547,581.0,1234.9
BATCH-00991,ARV-001,2025-03-08,2027-03-08,2025-04-10,10,Vietnam,Air,Mylan (formerly Matrix) Nashik,6720,522.0,3796.05
BATCH-00992,HRDT-016,2025-02-06,2027-02-06,2025-03-11,14,Rwanda,Air,Premier Med. Corp Ltd. India,3991,1150.0,9898.8
BATCH-00993,ARV-007,2025-07-23,2027-07-23,2025-09-28,11,Zambia,Truck,Hetero Unit III Hyderabad IN,10394,14935.0,15919.88
BATCH-00994,ARV-017,2026-01-22,2028-01-22,2026-03-18,17,Tanzania,Truck,"Cipla, Goa, India",50000,5446.0,27804.65
BATCH-00995,HRDT-001,2025-10-05,2027-10-05,2025-11-16,14,Côte d'Ivoire,Air,"Alere Medical Co., Ltd.",596,287.0,7024.86
BATCH-00996,ARV-005,2026-01-20,2028-01-20,2026-02-27,22,Rwanda,Truck,Mylan (formerly Matrix) Nashik,5247,1382.0,8456.96
BATCH-00997,ARV-019,2025-05-18,2027-05-18,2025-07-19,13,Uganda,Air,ABBVIE (Abbott) Logis. UK,21,58.0,776.62
BATCH-00998,HRDT-002,2025-05-15,2027-05-15,2025-07-18,11,Guyana,Air,"Trinity Biotech, Plc",2334,807.0,6558.08
BATCH-00999,ARV-015,2025-04-19,2027-04-19,2025-05-16,21,Nigeria,Air,"Aspen-OSD, Port Elizabeth, SA",12304,5197.0,21895.01
BATCH-01000,ARV-005,2026-01-16,2028-01-16,2026-04-01,19,Zambia,Truck,Mylan (formerly Matrix) Nashik,312,80.0,87.87
BATCH-01001,ARV-009,2025-07-08,2027-07-08,2025-09-07,18,Ethiopia,Air,Mylan (formerly Matrix) Nashik,1467,9.0,1401.76
BATCH-01002,ARV-015,2025-05-14,2027-05-14,2025-06-10,17,Côte d'Ivoire,Air,"Aspen-OSD, Port Elizabeth, SA",2160,186.0,1660.07
BATCH-01003,HRDT-012,2025-04-08,2027-04-08,2025-06-07,14,Côte d'Ivoire,Air,Bio-Rad Laboratories,476,534.0,9471.52
BATCH-01004,ACT-001,2025-10-28,2027-10-28,2025-11-27,20,Nigeria,Air,"Novartis Pharma Suffern, USA",2500,1746.0,11216.78
BATCH-01005,ARV-026,2025-10-16,2027-10-16,2025-10-30,7,Uganda,Air,"Janssen-Cilag, Latina, IT",83,16.0,375.0
BATCH-01006,ARV-025,2025-02-20,2027-02-20,2025-03-23,20,Côte d'Ivoire,Air,"MSD, Haarlem, NL",1550,345.0,1888.48
BATCH-01007,ARV-004,2025-10-21,2027-10-21,2025-12-17,27,Mozambique,Truck,Hetero Unit III Hyderabad IN,24732,2143.0,6323.1
BATCH-01008,HRDT-001,2025-06-07,2027-06-07,2025-07-29,13,Nigeria,Air,Inverness Japan,1750,842.0,14829.77
BATCH-01009,ARV-012,2025-10-10,2027-10-10,2025-11-23,17,Haiti,Air,"Cipla, Goa, India",298,21.0,304.62
BATCH-01010,HRDT-001,2025-05-03,2027-05-03,2025-05-27,13,Tanzania,Air,Inverness Japan,1132,337.0,4323.93
BATCH-01011,ARV-008,2025-11-10,2027-11-10,2025-12-04,9,Rwanda,Air,"Aurobindo Unit III, India",6985,718.0,12688.85
BATCH-01012,ARV-018,2026-01-10,2028-01-10,2026-03-20,18,Ethiopia,Air,"Aurobindo Unit III, India",3071,115.0,630.0
BATCH-01013,ARV-013,2025-09-28,2027-09-28,2025-12-03,9,Haiti,Air,"Aurobindo Unit III, India",90,6.0,941.74
BATCH-01014,ARV-001,2025-02-21,2027-02-21,2025-04-18,10,Nigeria,Air,"Aurobindo Unit III, India",1030,251.0,1960.81
BATCH-01015,ARV-001,2025-05-12,2027-05-12,2025-06-04,13,Swaziland,Air,Mylan (formerly Matrix) Nashik,2345,239.0,2393.34
BATCH-01016,ARV-001,2025-10-12,2027-10-12,2025-12-20,19,Nigeria,Air,"Strides, Bangalore, India.",6654,465.0,51090.0
BATCH-01017,ARV-003,2025-12-20,2027-12-20,2026-02-12,11,Uganda,Air,"Cipla, Goa, India",60929,8638.0,30764.18
BATCH-01018,ARV-003,2025-12-14,2027-12-14,2026-02-03,18,Zimbabwe,Truck,"Strides, Bangalore, India.",61591,2641.0,4529.65
BATCH-01019,ARV-004,2026-01-20,2028-01-20,2026-02-06,5,Dominican Republic,Air,"Cipla, Goa, India",15080,1212.0,15181.0
BATCH-01020,HRDT-001,2025-08-30,2027-08-30,2025-11-03,6,Sudan,Air,"Alere Medical Co., Ltd.",116,45.0,1961.65
BATCH-01021,HRDT-003,2025-02-28,2027-02-28,2025-04-03,5,Namibia,Air,Inverness Japan,90,21.0,1730.41
BATCH-01022,ARV-010,2026-04-12,2028-04-11,2026-04-22,3,Nigeria,Air Charter,"Cipla, Kurkumbh, India",95597,10656.0,20992.67
BATCH-01023,ARV-001,2025-03-13,2027-03-13,2025-04-17,19,Vietnam,Air,Mylan (formerly Matrix) Nashik,10080,772.0,5893.08
BATCH-01024,ARV-009,2025-07-02,2027-07-02,2025-09-22,55,South Africa,Ocean,"Cipla, Goa, India",150000,10151.0,19569.93
BATCH-01025,ARV-019,2025-07-22,2027-07-22,2025-08-17,18,Vietnam,Air,ABBVIE (Abbott) Logis. UK,56,168.0,4092.21
BATCH-01026,ARV-001,2025-04-26,2027-04-26,2025-05-23,5,Haiti,Air,"MSD, Haarlem, NL",325,2085.0,23866.2
BATCH-01027,ARV-002,2025-05-19,2027-05-19,2025-06-24,6,Côte d'Ivoire,Air,Hetero Unit III Hyderabad IN,8732,485.0,7302.48
BATCH-01028,HRDT-001,2024-11-08,2026-11-08,2025-01-13,9,Guyana,Air,ABBVIE GmbH & Co.KG Wiesbaden,230,38681.0,801.54
BATCH-01029,HRDT-012,2025-03-18,2027-03-18,2025-04-10,14,Côte d'Ivoire,Air,Bio-Rad Laboratories,331,366.0,7915.98
BATCH-01030,ARV-006,2025-11-14,2027-11-14,2025-12-30,10,Uganda,Air,Hetero Unit III Hyderabad IN,2131,117.0,2005.48
BATCH-01031,ARV-003,2025-08-27,2027-08-27,2025-11-08,18,Mozambique,Truck,"Cipla, Goa, India",150000,19143.0,16660.04
BATCH-01032,ARV-017,2025-08-15,2027-08-15,2025-10-14,11,Tanzania,Truck,Mylan (formerly Matrix) Nashik,3428,396.0,1047.17
BATCH-01033,ARV-017,2025-05-26,2027-05-26,2025-07-30,10,Nigeria,Air Charter,Mylan (formerly Matrix) Nashik,11040,1210.0,9736.1
BATCH-01034,ARV-015,2025-04-29,2027-04-29,2025-05-23,10,Uganda,Air,"Aspen-OSD, Port Elizabeth, SA",1166,145.0,1742.25
BATCH-01035,ARV-009,2026-01-09,2028-01-09,2026-03-07,8,Côte d'Ivoire,Truck,Mylan (formerly Matrix) Nashik,4400,11043.0,39329.03
BATCH-01036,ARV-001,2025-05-27,2027-05-27,2025-09-13,51,South Africa,Ocean,"Aurobindo Unit III, India",127904,10980.0,15331.5
BATCH-01037,HRDT-014,2025-05-09,2027-05-09,2025-06-20,20,Namibia,Air,Chembio Diagnostics Sys. Inc.,67,48.0,401.97
BATCH-01038,ARV-020,2025-11-06,2027-11-06,2025-12-13,5,Nigeria,Air,Mylan (formerly Matrix) Nashik,10150,1360.0,7665.38
BATCH-01039,ARV-012,2025-03-17,2027-03-17,2025-05-02,12,Tanzania,Air,"Cipla, Goa, India",90323,9635.0,52979.7
BATCH-01040,ARV-012,2025-05-08,2027-05-08,2025-06-28,19,Vietnam,Air,"Cipla, Goa, India",23040,9.0,4620.03
BATCH-01041,ARV-002,2025-02-11,2027-02-11,2025-03-20,17,Côte d'Ivoire,Air,"Aurobindo Unit III, India",965,344.0,1729.0
BATCH-01042,ARV-002,2025-01-16,2027-01-16,2025-04-03,19,Uganda,Air,"Aurobindo Unit III, India",127,46.0,740.34
BATCH-01043,ARV-003,2025-08-21,2027-08-21,2025-11-02,16,Côte d'Ivoire,Truck,"Aurobindo Unit III, India",9577,6889.0,24138.35
BATCH-01044,HRDT-001,2026-01-17,2028-01-17,2026-02-22,11,Côte d'Ivoire,Air,"Alere Medical Co., Ltd.",4400,1808.0,23237.62
BATCH-01045,ARV-004,2025-03-03,2027-03-03,2025-05-08,17,Côte d'Ivoire,Air,"Aurobindo Unit III, India",32256,5589.0,22758.49
BATCH-01046,ARV-007,2025-06-30,2027-06-30,2025-08-02,7,Haiti,Air,"Aurobindo Unit III, India",2520,145.0,6438.37
BATCH-01047,ARV-002,2025-07-24,2027-07-24,2025-10-13,33,South Africa,Ocean,"Strides, Bangalore, India.",150000,9282.0,15222.94
BATCH-01048,ARV-005,2026-02-14,2028-02-14,2026-04-07,15,Côte d'Ivoire,Air,ABBVIE (Abbott) Logis. UK,500,505.0,6523.85
BATCH-01049,ARV-018,2026-02-27,2028-02-27,2026-04-21,23,Zimbabwe,Truck,"Cipla, Patalganga, India",19913,1828.0,1955.17
BATCH-01050,ARV-013,2025-02-06,2027-02-06,2025-02-25,7,Côte d'Ivoire,Air,"Aurobindo Unit III, India",1161,399.0,4200.78
BATCH-01051,ARV-007,2025-09-08,2027-09-08,2025-11-01,13,Haiti,Air,"Aurobindo Unit III, India",4000,1587.0,16163.28
BATCH-01052,ARV-009,2025-10-03,2027-10-03,2025-11-09,15,Tanzania,Truck,Mylan (formerly Matrix) Nashik,17440,2612.0,1698.83
BATCH-01053,HRDT-001,2026-01-05,2028-01-05,2026-02-03,13,Nigeria,Air,"Alere Medical Co., Ltd.",3064,1245.0,13383.47
BATCH-01054,ARV-004,2025-09-30,2027-09-30,2025-11-14,30,Zimbabwe,Truck,"Aurobindo Unit VII, IN",3345,21063.0,29250.68
BATCH-01055,ARV-009,2025-06-10,2027-06-10,2025-08-14,6,Tanzania,Air,Mylan (formerly Matrix) Nashik,3000,269.0,1647.25
BATCH-01056,ARV-004,2025-05-21,2027-05-21,2025-06-21,21,Uganda,Air,Mylan (formerly Matrix) Nashik,13000,1051.0,6575.7
BATCH-01057,ARV-009,2025-07-17,2027-07-17,2025-09-15,12,Ethiopia,Air,"Aurobindo Unit III, India",6993,629.0,4277.04
BATCH-01058,ARV-010,2026-01-14,2028-01-14,2026-04-01,25,Zambia,Truck,"Cipla, Kurkumbh, India",14055,1406.0,1335.02
BATCH-01059,HRDT-001,2026-01-15,2028-01-15,2026-02-02,12,South Sudan,Air,"Alere Medical Co., Ltd.",90,39.0,1405.56
BATCH-01060,ARV-015,2025-05-03,2027-05-03,2025-06-15,6,Nigeria,Air Charter,"Aspen-OSD, Port Elizabeth, SA",22730,1977.0,7445.8
BATCH-01061,ARV-002,2025-11-06,2027-11-06,2026-01-06,25,Zimbabwe,Truck,Hetero Unit III Hyderabad IN,40869,2520.0,15000.0
BATCH-01062,HRDT-003,2025-05-03,2027-05-03,2025-06-12,16,Botswana,Air,Inverness Japan,1200,274.0,3321.08
BATCH-01063,ARV-004,2025-10-30,2027-10-30,2025-12-20,10,Côte d'Ivoire,Truck,Mylan (formerly Matrix) Nashik,36180,2907.0,11320.56
BATCH-01064,ARV-005,2025-02-24,2027-02-24,2025-04-08,16,Guyana,Air,ABBVIE Ludwigshafen Germany,1530,347.0,4220.15
BATCH-01065,ARV-008,2025-10-22,2027-10-22,2025-11-30,10,Nigeria,Air Charter,Mylan (formerly Matrix) Nashik,6100,681.0,16532.5
BATCH-01066,HRDT-003,2025-03-25,2027-03-25,2025-05-03,11,Namibia,Air,Inverness Japan,150,46.0,2698.04
BATCH-01067,ARV-009,2025-07-11,2027-07-11,2025-09-10,12,Nigeria,Air Charter,"Aurobindo Unit III, India",3000,2252.0,43548.0
BATCH-01068,ARV-009,2025-07-22,2027-07-22,2025-09-14,15,Côte d'Ivoire,Air,Mylan (formerly Matrix) Nashik,2240,6542.0,18611.93
BATCH-01069,HRDT-002,2025-04-23,2027-04-23,2025-05-28,10,Rwanda,Air,"Trinity Biotech, Plc",1163,385.0,6269.97
BATCH-01070,ARV-011,2025-12-24,2027-12-24,2026-02-22,5,Vietnam,Air,Mylan (formerly Matrix) Nashik,15500,1745.0,3977.24
BATCH-01071,HRDT-004,2025-10-02,2027-10-02,2025-12-06,16,Ethiopia,Air,Chembio Diagnostics Sys. Inc.,340,128.0,810.96
BATCH-01072,ARV-001,2025-07-20,2027-07-20,2025-10-16,32,South Africa,Ocean,"Aurobindo Unit III, India",48866,4154.0,9951.37
BATCH-01073,HRDT-002,2025-07-18,2027-07-18,2025-10-23,52,Mozambique,Ocean,"Trinity Biotech, Plc",13300,4472.0,23408.33
BATCH-01074,HRDT-002,2025-11-16,2027-11-16,2025-12-25,13,Tanzania,Air,"Trinity Biotech, Plc",383,125.0,1908.34
BATCH-01075,HRDT-002,2025-09-06,2027-09-06,2025-11-04,12,Sudan,Air,"Trinity Biotech, Plc",53,18.0,569.11
BATCH-01076,ARV-028,2025-09-24,2027-09-24,2025-10-24,7,Côte d'Ivoire,Air,Mylan (formerly Matrix) Nashik,4000,655.0,5300.24
BATCH-01077,HRDT-002,2025-12-01,2027-12-01,2026-01-06,17,South Sudan,Air,"Trinity Biotech, Plc",44,14.0,1101.91
BATCH-01078,ARV-006,2025-04-13,2027-04-13,2025-05-19,7,Rwanda,Air,"Aurobindo Unit III, India",10530,544.0,5029.05
BATCH-01079,ARV-010,2025-04-04,2027-04-04,2025-06-08,7,Nigeria,Air Charter,Mylan (formerly Matrix) Nashik,11000,966.0,7329.83
BATCH-01080,ARV-012,2025-05-03,2027-05-03,2025-07-05,27,Zimbabwe,Truck,"Cipla, Goa, India",76000,8280.0,15328.58
BATCH-01081,ARV-013,2025-06-17,2027-06-17,2025-08-02,20,Côte d'Ivoire,Air,"Strides, Bangalore, India.",2000,98.0,2201.14
BATCH-01082,HRDT-002,2025-12-16,2027-12-16,2026-02-05,21,Malawi,Air,"Trinity Biotech, Plc",32,17.0,703.25
BATCH-01083,ARV-009,2025-07-26,2027-07-26,2025-10-14,59,South Africa,Ocean,"Aurobindo Unit III, India",124312,11603.0,10748.8
BATCH-01084,ARV-004,2025-06-11,2027-06-11,2025-07-30,8,Nigeria,Air Charter,Hetero Unit III Hyderabad IN,20579,1773.0,9736.1
BATCH-01085,ARV-015,2025-07-24,2027-07-24,2025-08-28,11,Côte d'Ivoire,Truck,Mylan (formerly Matrix) Nashik,8640,11468.0,7816.45
BATCH-01086,ARV-005,2025-12-20,2027-12-20,2026-02-12,19,"Congo, DRC",Air,ABBVIE (Abbott) Logis. UK,30,56.0,460.9
BATCH-01087,HRDT-016,2025-01-17,2027-01-17,2025-03-01,18,Rwanda,Air,Premier Med. Corp Ltd. India,1883,752.0,4436.76
BATCH-01088,ARV-005,2025-01-12,2027-01-12,2025-02-24,21,Tanzania,Air,ABBVIE Ludwigshafen Germany,3000,1422.0,4198.0
BATCH-01089,ARV-007,2025-08-19,2027-08-19,2025-11-07,22,Uganda,Truck,Hetero Unit III Hyderabad IN,4398,224.0,1933.3
BATCH-01090,HRDT-003,2025-03-06,2027-03-06,2025-04-06,7,Zambia,Air,Inverness Japan,2000,455.0,4113.16
BATCH-01091,ARV-007,2025-12-29,2027-12-29,2026-01-25,19,Mozambique,Truck,"Aurobindo Unit III, India",18597,7141.0,5496.08
BATCH-01092,ARV-003,2025-11-24,2027-11-24,2026-01-05,17,Zimbabwe,Truck,"Aurobindo Unit III, India",15120,23677.0,9405.81
BATCH-01093,HRDT-020,2026-02-08,2028-02-08,2026-04-02,19,Mozambique,Air,Bio-Rad Laboratories,80,111.0,1368.78
BATCH-01094,ARV-011,2026-02-25,2028-02-25,2026-03-23,16,Zambia,Truck,Hetero Unit III Hyderabad IN,63696,8487.0,8054.68
BATCH-01095,ARV-009,2025-04-17,2027-04-17,2025-05-18,10,Ethiopia,Air,"Aspen-OSD, Port Elizabeth, SA",3068,2002.0,10460.94
BATCH-01096,ARV-001,2025-07-20,2027-07-20,2025-08-09,6,Vietnam,Air,Mylan (formerly Matrix) Nashik,31579,2585.0,11617.57
BATCH-01097,ARV-017,2025-07-14,2027-07-14,2025-08-26,11,Nigeria,Air Charter,Mylan (formerly Matrix) Nashik,20000,2181.0,20264.93
BATCH-01098,ARV-007,2025-02-08,2027-02-08,2025-04-10,17,Vietnam,Air,"Aurobindo Unit III, India",1400,106.0,2869.03
BATCH-01099,HRDT-001,2025-12-03,2027-12-03,2026-02-04,5,Nigeria,Air,"Alere Medical Co., Ltd.",3023,1221.0,12793.7
BATCH-01100,HRDT-008,2025-04-29,2027-04-29,2025-06-06,12,Haiti,Air,"Pacific Biotech, Thailand",55,132.0,3013.19
BATCH-01101,HRDT-001,2026-02-15,2028-02-15,2026-04-21,13,Burundi,Air,"Alere Medical Co., Ltd.",1608,958.0,15012.16
BATCH-01102,ARV-015,2025-07-11,2027-07-11,2025-08-08,12,Uganda,Air,Mylan (formerly Matrix) Nashik,703,301.0,4758.36
BATCH-01103,HRDT-004,2025-01-26,2027-01-26,2025-04-03,20,Nigeria,Air,Chembio Diagnostics Sys. Inc.,1425,483.0,5468.88
BATCH-01104,ARV-013,2025-01-30,2027-01-30,2025-03-13,7,Côte d'Ivoire,Air,"Strides, Bangalore, India.",14000,989.0,3452.0
BATCH-01105,ARV-004,2025-08-25,2027-08-25,2025-10-24,14,Zambia,Truck,"Aurobindo Unit VII, IN",85000,8296.0,9978.08
BATCH-01106,HRDT-005,2025-01-06,2027-01-06,2025-03-04,11,Zimbabwe,Truck,"Standard Diagnostics, Korea",2492,738.0,3085.84
BATCH-01107,HRDT-002,2025-02-16,2027-02-16,2025-03-31,9,Mozambique,Air,"Trinity Biotech, Plc",9000,9000.0,55746.59
BATCH-01108,ARV-015,2025-09-13,2027-09-13,2025-10-14,12,Nigeria,Air Charter,Mylan (formerly Matrix) Nashik,115089,11004.0,18495.9
BATCH-01109,HRDT-008,2025-08-27,2027-08-27,2025-10-19,20,Cameroon,Air,"Pacific Biotech, Thailand",20,48.0,1222.56
BATCH-01110,ARV-010,2025-09-29,2027-09-29,2025-12-14,26,Haiti,Ocean,Hetero Unit III Hyderabad IN,19776,2122.0,9272.18
BATCH-01111,ARV-001,2025-05-20,2027-05-20,2025-08-01,15,South Africa,Air,"Aurobindo Unit III, India",34044,2892.0,6105.79
BATCH-01112,HRDT-001,2025-05-13,2027-05-13,2025-07-16,8,Kenya,Air,Inverness Japan,1500,1489.0,14532.09
BATCH-01113,ARV-004,2025-08-15,2027-08-15,2025-09-06,8,Guatemala,Air,"Aurobindo Unit III, India",4301,1435.0,16252.95
BATCH-01114,ARV-010,2025-11-22,2027-11-22,2026-01-12,14,Zimbabwe,Truck,"Aurobindo Unit VII, IN",40534,3749.0,9708.48
BATCH-01115,ARV-016,2026-03-15,2028-03-14,2026-03-29,4,Nigeria,Air Charter,"Cipla, Goa, India",10383,767.0,3963.0
BATCH-01116,ARV-001,2025-04-25,2027-04-25,2025-06-23,18,Zimbabwe,Truck,"Aurobindo Unit III, India",4000,9020.0,14958.2
BATCH-01117,ARV-001,2025-04-23,2027-04-23,2025-07-12,21,Côte d'Ivoire,Air,"Aurobindo Unit III, India",8676,4845.0,5254.1
BATCH-01118,ARV-006,2025-03-29,2027-03-29,2025-04-19,14,Guyana,Air,"Aurobindo Unit III, India",431,377.0,5228.67
BATCH-01119,ARV-003,2026-01-13,2028-01-13,2026-03-12,17,Vietnam,Air,Mylan (formerly Matrix) Nashik,4980,695.0,1377.02
BATCH-01120,ARV-006,2025-02-02,2027-02-02,2025-04-13,13,Vietnam,Air,"Aurobindo Unit III, India",10080,507.0,4159.45
BATCH-01121,ARV-003,2025-08-12,2027-08-12,2025-10-09,7,Uganda,Truck,Mylan (formerly Matrix) Nashik,6139,1518.0,6561.51
BATCH-01122,ARV-010,2025-10-30,2027-10-30,2025-12-01,6,Rwanda,Air,Hetero Unit III Hyderabad IN,61209,9117.0,98763.02
BATCH-01123,ARV-007,2025-12-22,2027-12-22,2026-01-10,9,South Sudan,Air,"Aurobindo Unit III, India",1466,83.0,2089.0
BATCH-01124,HRDT-001,2026-01-11,2028-01-11,2026-03-16,9,Uganda,Air,"Alere Medical Co., Ltd.",6000,2432.0,23178.68
BATCH-01125,ARV-024,2025-07-04,2027-07-04,2025-09-16,19,Haiti,Air,Bristol-Myers Squibb Anagni IT,240,12.0,450.0
BATCH-01126,ARV-003,2026-01-14,2028-01-14,2026-03-10,19,Mozambique,Air,Hetero Unit III Hyderabad IN,35136,4784.0,19286.53
BATCH-01127,ARV-004,2025-12-27,2027-12-27,2026-03-14,19,Haiti,Air,Hetero Unit III Hyderabad IN,20000,1777.0,15330.56
BATCH-01128,ARV-008,2025-08-25,2027-08-25,2025-09-14,15,Zambia,Air,Mylan (formerly Matrix) Nashik,16200,1583.0,8098.12
BATCH-01129,ARV-005,2026-03-10,2028-03-09,2026-05-01,14,Uganda,Air,"Aurobindo Unit III, India",1560,166.0,1488.99
BATCH-01130,ARV-006,2025-08-16,2027-08-16,2025-10-10,48,South Africa,Ocean,"Strides, Bangalore, India.",75000,3347.0,7414.66
BATCH-01131,ARV-007,2025-08-28,2027-08-28,2025-11-03,11,Guyana,Air,"Aurobindo Unit III, India",204,171.0,2522.76
BATCH-01132,ARV-005,2025-09-29,2027-09-29,2025-11-26,16,Rwanda,Air,ABBVIE (Abbott) Logis. UK,255,253.0,2455.7
BATCH-01133,ARV-003,2025-03-02,2027-03-02,2025-05-14,18,Uganda,Air,"Aurobindo Unit III, India",5131,691.0,8252.73
BATCH-01134,ARV-014,2025-05-19,2027-05-19,2025-07-18,25,Zambia,Truck,"Aurobindo Unit III, India",10000,2085.0,3379.64
BATCH-01135,ARV-006,2025-09-03,2027-09-03,2025-10-03,21,Mozambique,Truck,"Aurobindo Unit III, India",2268,109.0,1148.65
BATCH-01136,ARV-012,2025-07-04,2027-07-04,2025-07-18,8,Zambia,Truck,"Cipla, Goa, India",58097,19451.0,16898.2
BATCH-01137,ARV-002,2025-05-31,2027-05-31,2025-07-10,17,Ethiopia,Air,"Aurobindo Unit III, India",25540,2031.0,6774.59
BATCH-01138,ARV-001,2025-02-03,2027-02-03,2025-03-31,11,Tanzania,Air,"Aurobindo Unit III, India",17000,6007.0,20395.6
BATCH-01139,HRDT-001,2025-10-05,2027-10-05,2025-11-04,17,South Sudan,Air,"Alere Medical Co., Ltd.",470,244.0,7428.38
BATCH-01140,HRDT-001,2025-11-08,2027-11-08,2026-01-12,14,Uganda,Air,"Alere Medical Co., Ltd.",2957,1313.0,31917.19
BATCH-01141,ARV-001,2025-03-08,2027-03-08,2025-04-14,19,Côte d'Ivoire,Air,"Aurobindo Unit III, India",3885,467.0,6299.56
BATCH-01142,ARV-013,2025-02-21,2027-02-21,2025-04-04,10,Ethiopia,Air,"Aurobindo Unit III, India",3000,342.0,1850.7
BATCH-01143,ARV-002,2025-03-24,2027-03-24,2025-05-08,29,Zambia,Truck,Hetero Unit III Hyderabad IN,50000,2809.0,3629.37
BATCH-01144,ARV-005,2025-10-17,2027-10-17,2025-11-27,11,Nigeria,Air Charter,"Aurobindo Unit III, India",24470,6808.0,21347.12
BATCH-01145,ARV-003,2026-03-23,2028-03-22,2026-04-27,6,Nigeria,Air Charter,"Cipla, Goa, India",350505,72975.0,129843.24
BATCH-01146,ARV-001,2026-01-02,2028-01-02,2026-01-25,18,Mozambique,Truck,"Hetero, Jadcherla, unit 5, IN",34200,7908.0,5496.08
BATCH-01147,ARV-015,2025-10-20,2027-10-20,2025-12-03,8,Nigeria,Air Charter,"Aurobindo Unit III, India",41665,5110.0,18461.22
BATCH-01148,ARV-004,2025-07-28,2027-07-28,2025-10-09,25,Uganda,Truck,"Aurobindo Unit III, India",32000,3026.0,14406.99
BATCH-01149,ARV-002,2025-06-01,2027-06-01,2025-09-14,49,South Africa,Ocean,"Cipla, Goa, India",159000,16729.0,25199.31
BATCH-01150,ARV-001,2025-11-27,2027-11-27,2026-01-08,19,Vietnam,Air,"Hetero, Jadcherla, unit 5, IN",17755,1505.0,2604.31
BATCH-01151,HRDT-001,2025-07-07,2027-07-07,2025-09-09,11,Kenya,Air,Inverness Japan,1,1370.0,14515.01
BATCH-01152,ARV-005,2025-08-12,2027-08-12,2025-10-17,13,Côte d'Ivoire,Air,ABBVIE Ludwigshafen Germany,16800,4213.0,27376.29
BATCH-01153,HRDT-002,2026-01-23,2028-01-23,2026-04-04,12,Uganda,Air,"Trinity Biotech, Plc",1903,566.0,3603.93
BATCH-01154,HRDT-003,2025-06-19,2027-06-19,2025-08-03,20,Botswana,Air,Inverness Japan,8,3.0,584.1
BATCH-01155,ARV-007,2025-12-18,2027-12-18,2026-02-17,10,Nigeria,Air,Mylan (formerly Matrix) Nashik,10000,574.0,4760.43
BATCH-01156,HRDT-001,2025-09-07,2027-09-07,2025-10-27,14,Nigeria,Air,"Alere Medical Co., Ltd.",2890,1377.0,32575.03
BATCH-01157,ARV-005,2025-08-29,2027-08-29,2025-09-13,7,Ethiopia,Air,ABBVIE Ludwigshafen Germany,2680,549.0,3600.65
BATCH-01158,ARV-005,2026-02-03,2028-02-03,2026-03-21,27,Uganda,Truck,ABBVIE Ludwigshafen Germany,3426,698.0,2676.0
BATCH-01159,ARV-002,2025-08-15,2027-08-15,2025-11-02,38,South Africa,Ocean,"Cipla, Goa, India",96770,10536.0,4957.81
BATCH-01160,ARV-004,2025-11-14,2027-11-14,2025-12-03,6,Nigeria,Air Charter,"Cipla, Goa, India",1048,4809.0,18461.23
BATCH-01161,HRDT-001,2026-02-15,2028-02-15,2026-03-29,14,Nigeria,Air,"Alere Medical Co., Ltd.",4987,2022.0,30257.97
BATCH-01162,ARV-006,2026-01-03,2028-01-03,2026-03-09,18,Côte d'Ivoire,Truck,"Aurobindo Unit III, India",4157,1385.0,6437.76
BATCH-01163,ARV-010,2026-03-18,2028-03-17,2026-04-27,27,Côte d'Ivoire,Truck,"Cipla, Kurkumbh, India",30000,3000.0,12748.74
BATCH-01164,ARV-005,2025-03-25,2027-03-25,2025-05-10,14,Uganda,Air,ABBVIE Ludwigshafen Germany,60,547.0,2437.63
BATCH-01165,ARV-006,2025-07-20,2027-07-20,2025-08-18,13,South Africa,Air,"Aurobindo Unit III, India",33711,1810.0,2016.42
BATCH-01166,HRDT-002,2025-04-24,2027-04-24,2025-06-03,6,Tanzania,Air,"Trinity Biotech, Plc",839,277.0,3146.63
BATCH-01167,ARV-007,2025-05-14,2027-05-14,2025-06-08,7,Zambia,Truck,"Aurobindo Unit III, India",500,10681.0,17384.76
BATCH-01168,HRDT-002,2026-03-03,2028-03-02,2026-05-11,11,Nigeria,Air,"Trinity Biotech, Plc",12485,3655.0,25636.67
BATCH-01169,ARV-007,2026-03-17,2028-03-16,2026-04-07,12,Nigeria,Air Charter,"Aurobindo Unit III, India",7526,507.0,1263.0
BATCH-01170,ARV-004,2025-02-01,2027-02-01,2025-04-28,29,Zambia,Truck,"Aurobindo Unit III, India",26402,6986.0,6269.7
BATCH-01171,ARV-007,2025-06-02,2027-06-02,2025-08-04,15,South Africa,Air,"Aurobindo Unit III, India",23800,1273.0,3296.58
BATCH-01172,ARV-001,2025-06-21,2027-06-21,2025-08-27,15,South Africa,Air,"Aurobindo Unit III, India",39049,3669.0,4263.07
BATCH-01173,ARV-003,2025-12-31,2027-12-31,2026-03-03,11,Uganda,Air,"Cipla, Goa, India",15021,1411.0,13983.98
BATCH-01174,ARV-019,2025-08-19,2027-08-19,2025-09-11,8,Vietnam,Air,ABBVIE (Abbott) Logis. UK,18,55.0,3785.84
BATCH-01175,ARV-005,2025-10-14,2027-10-14,2025-12-14,5,Rwanda,Air,"Aurobindo Unit III, India",16515,3991.0,13380.52
BATCH-01176,ARV-003,2025-05-15,2027-05-15,2025-06-27,6,Nigeria,Air Charter,"Aurobindo Unit III, India",40230,4531.0,30983.24
BATCH-01177,ARV-002,2026-01-14,2028-01-14,2026-03-22,10,Zambia,Air,"Aurobindo Unit III, India",38939,3962.0,20233.34
BATCH-01178,ARV-005,2025-06-04,2027-06-04,2025-08-04,8,Vietnam,Air,ABBVIE Ludwigshafen Germany,1785,266.0,6937.66
BATCH-01179,ARV-012,2025-03-30,2027-03-30,2025-05-14,9,Uganda,Air,"Strides, Bangalore, India.",3374,250.0,2331.03
BATCH-01180,ARV-003,2025-08-26,2027-08-26,2025-09-23,3,Nigeria,Air Charter,"Aurobindo Unit III, India",154667,20339.0,12601.06
BATCH-01181,ARV-001,2025-07-10,2027-07-10,2025-08-05,15,Haiti,Air,Mylan (formerly Matrix) Nashik,43512,3609.0,32479.84
BATCH-01182,HRDT-001,2025-01-17,2027-01-17,2025-02-16,20,Nigeria,Air,ABBVIE GmbH & Co.KG Wiesbaden,1000,341.0,2682.47
BATCH-01183,ARV-004,2025-03-09,2027-03-09,2025-04-20,16,Haiti,Air,"Aurobindo Unit III, India",16752,1580.0,11572.0
BATCH-01184,ARV-003,2025-10-06,2027-10-06,2025-12-06,12,"Congo, DRC",Air,Mylan (formerly Matrix) Nashik,2000,274.0,2371.06
BATCH-01185,ARV-002,2026-02-05,2028-02-05,2026-03-16,7,Zimbabwe,Air Charter,"Strides, Bangalore, India.",158000,9832.0,68350.52
BATCH-01186,ARV-002,2025-05-09,2027-05-09,2025-06-23,14,Zambia,Truck,"Aurobindo Unit III, India",98000,9522.0,13518.56
BATCH-01187,HRDT-008,2025-08-19,2027-08-19,2025-09-13,7,Haiti,Air,"Orasure Technologies, Inc",127,22.0,4625.81
BATCH-01188,ARV-005,2025-11-12,2027-11-12,2026-01-02,15,Côte d'Ivoire,Air,ABBVIE (Abbott) Logis. UK,320,326.0,3852.86
BATCH-01189,ARV-004,2025-08-25,2027-08-25,2025-10-18,14,Vietnam,Air,Hetero Unit III Hyderabad IN,11755,1083.0,9046.76
BATCH-01190,ARV-005,2025-12-20,2027-12-20,2026-02-22,5,Haiti,Air,ABBVIE Ludwigshafen Germany,80,8.0,737.12
BATCH-01191,ARV-008,2025-11-19,2027-11-19,2026-01-15,12,Angola,Air,"Aurobindo Unit III, India",480,173.0,2322.47
BATCH-01192,ARV-004,2025-10-26,2027-10-26,2025-12-16,13,Côte d'Ivoire,Truck,Mylan (formerly Matrix) Nashik,15120,959.0,4424.91
BATCH-01193,HRDT-001,2026-01-06,2028-01-06,2026-03-09,7,Lesotho,Air,"Alere Medical Co., Ltd.",2104,856.0,11063.78
BATCH-01194,ARV-009,2025-06-27,2027-06-27,2025-08-10,16,South Africa,Air,"Cipla, Goa, India",2016,136.0,1881.24
BATCH-01195,HRDT-001,2025-09-29,2027-09-29,2025-12-07,13,"Congo, DRC",Air,"Alere Medical Co., Ltd.",1500,448.0,2757.4
BATCH-01196,HRDT-004,2025-12-14,2027-12-14,2026-01-23,15,Ethiopia,Air,Chembio Diagnostics Sys. Inc.,832,238.0,1945.45
BATCH-01197,ARV-001,2025-01-13,2027-01-13,2025-02-11,17,Mozambique,Air,"MSD Manati, Puerto Rico, (USA)",409,45.0,348.09
BATCH-01198,HRDT-006,2025-03-13,2027-03-13,2025-04-30,21,Ethiopia,Air,"KHB Test Kit Facility, Shanghai China",7002,5057.0,44347.71
BATCH-01199,ARV-017,2025-08-31,2027-08-31,2025-09-23,11,Nigeria,Air Charter,Mylan (formerly Matrix) Nashik,30000,3272.0,12601.07
BATCH-01200,ARV-010,2025-12-04,2027-12-04,2025-12-30,15,Uganda,Air,"Cipla, Kurkumbh, India",5580,1187.0,9609.69
BATCH-01201,ARV-001,2025-09-18,2027-09-18,2025-11-29,19,Haiti,Air,"MSD Patheon, Canada",6705,1979.0,853.07
BATCH-01202,ARV-003,2026-03-13,2028-03-12,2026-05-07,7,Nigeria,Air Charter,"Cipla, Goa, India",14000,1983.0,4065.0
BATCH-01203,HRDT-002,2025-09-02,2027-09-02,2025-10-10,21,Liberia,Air,"Trinity Biotech, Plc",50,17.0,515.11
BATCH-01204,ARV-005,2025-12-07,2027-12-07,2026-02-13,17,Tanzania,Air,ABBVIE Ludwigshafen Germany,2736,328.0,3940.54
BATCH-01205,ARV-016,2025-04-05,2027-04-05,2025-04-29,16,Nigeria,Air,Mylan (formerly Matrix) Nashik,969,71.0,1181.41
BATCH-01206,ARV-015,2025-05-13,2027-05-13,2025-06-22,20,Uganda,Air,"Aspen-OSD, Port Elizabeth, SA",1795,160.0,2590.35
BATCH-01207,ARV-015,2025-06-09,2027-06-09,2025-07-30,8,Nigeria,Air Charter,Mylan (formerly Matrix) Nashik,109140,8735.0,9736.1
BATCH-01208,ARV-005,2025-05-18,2027-05-18,2025-06-25,17,Haiti,Air,ABBVIE Ludwigshafen Germany,90,17.0,693.54
BATCH-01209,ARV-019,2026-02-23,2028-02-23,2026-04-18,9,Vietnam,Air,ABBVIE Ludwigshafen Germany,200,22.0,1475.95
BATCH-01210,ARV-004,2026-01-22,2028-01-22,2026-04-06,21,Vietnam,Air,Mylan (formerly Matrix) Nashik,8000,696.0,1599.67
BATCH-01211,ARV-002,2025-08-29,2027-08-29,2025-09-27,21,Zimbabwe,Truck,"Strides, Bangalore, India.",9073,521.0,2494.56
BATCH-01212,ARV-015,2025-05-30,2027-05-30,2025-06-15,10,Nigeria,Air Charter,"Aspen-OSD, Port Elizabeth, SA",662,58.0,7445.8
BATCH-01213,ARV-017,2025-08-12,2027-08-12,2025-10-14,7,Nigeria,Air Charter,Mylan (formerly Matrix) Nashik,2389,277.0,18495.9
BATCH-01214,ARV-002,2026-02-24,2028-02-24,2026-04-17,19,Haiti,Air,"Aurobindo Unit III, India",2118,134.0,1987.82
BATCH-01215,ARV-017,2025-12-13,2027-12-13,2026-01-20,6,Tanzania,Air,"Cipla, Goa, India",30598,3637.0,22904.02
BATCH-01216,ARV-008,2025-10-17,2027-10-17,2025-11-22,6,Rwanda,Air,Mylan (formerly Matrix) Nashik,5232,526.0,9994.57
BATCH-01217,ARV-005,2025-10-16,2027-10-16,2025-11-26,13,Uganda,Air,"Aurobindo Unit III, India",4001,972.0,17102.56
BATCH-01218,HRDT-002,2025-10-08,2027-10-08,2025-12-06,17,South Sudan,Air,"Trinity Biotech, Plc",749,262.0,4669.02
BATCH-01219,ARV-016,2025-02-16,2027-02-16,2025-04-11,18,Zimbabwe,Air,"Cipla, Goa, India",1600,422.0,3335.15
BATCH-01220,ARV-011,2026-04-15,2028-04-14,2026-05-10,12,Vietnam,Air,Mylan (formerly Matrix) Nashik,21384,2406.0,4872.65
BATCH-01221,ARV-002,2025-06-23,2027-06-23,2025-08-23,22,Zambia,Truck,Hetero Unit III Hyderabad IN,150000,8754.0,8109.91
BATCH-01222,ARV-013,2025-02-17,2027-02-17,2025-04-13,14,Vietnam,Air,"Strides, Bangalore, India.",2576,121.0,2789.74
BATCH-01223,HRDT-002,2024-12-22,2026-12-22,2025-01-23,21,Nigeria,Air,"Trinity Biotech, Plc",40,14.0,713.58
BATCH-01224,ARV-003,2025-12-30,2027-12-30,2026-02-02,9,Nigeria,Air Charter,Mylan (formerly Matrix) Nashik,251047,36448.0,34218.36
BATCH-01225,HRDT-001,2026-02-23,2028-02-23,2026-04-24,12,Côte d'Ivoire,Air,"Alere Medical Co., Ltd.",6500,2634.0,30778.29
BATCH-01226,HRDT-001,2025-12-14,2027-12-14,2026-02-12,21,Burundi,Air,"Alere Medical Co., Ltd.",2796,1133.0,20572.96
BATCH-01227,HRDT-005,2025-09-30,2027-09-30,2025-10-18,6,Liberia,Air,"Standard Diagnostics, Korea",70,25.0,648.95
BATCH-01228,HRDT-001,2026-01-28,2028-01-28,2026-02-25,21,Nigeria,Air,"Alere Medical Co., Ltd.",9258,3759.0,57561.38
BATCH-01229,ARV-011,2025-11-06,2027-11-06,2025-12-19,7,Vietnam,Air,Mylan (formerly Matrix) Nashik,40000,4233.0,6878.63
BATCH-01230,ARV-010,2025-12-27,2027-12-27,2026-02-04,9,Uganda,Air,Hetero Unit III Hyderabad IN,34385,11594.0,85414.3
BATCH-01231,HRDT-002,2025-12-18,2027-12-18,2026-03-03,18,Nigeria,Air,"Trinity Biotech, Plc",24250,7080.0,70509.14
BATCH-01232,ARV-001,2025-12-02,2027-12-02,2026-01-14,10,Nigeria,Air Charter,"Aurobindo Unit III, India",36390,17455.0,20666.07
BATCH-01233,ARV-001,2025-07-30,2027-07-30,2025-10-24,30,Uganda,Truck,"Strides, Bangalore, India.",10000,1051.0,39130.38
BATCH-01234,ARV-004,2025-08-04,2027-08-04,2025-10-10,51,South Africa,Ocean,"Aurobindo Unit III, India",25000,2303.0,3790.0
BATCH-01235,HRDT-002,2025-04-10,2027-04-10,2025-05-24,15,Guyana,Air,"Trinity Biotech, Plc",1062,355.0,4457.29
BATCH-01236,ARV-005,2025-09-07,2027-09-07,2025-10-26,37,Rwanda,Ocean,Cipla Ltd A-42 MIDC Mahar. IN,23240,6853.0,81246.12
BATCH-01237,ARV-003,2025-07-01,2027-07-01,2025-08-13,7,Mozambique,Truck,Mylan (formerly Matrix) Nashik,77000,12980.0,11134.62
BATCH-01238,ARV-012,2025-01-25,2027-01-25,2025-02-16,7,Mozambique,Air,"Cipla, Goa, India",62000,5778.0,20299.0
BATCH-01239,HRDT-002,2025-04-29,2027-04-29,2025-06-10,10,Namibia,Air,"Trinity Biotech, Plc",220,79.0,1736.18
BATCH-01240,ARV-005,2025-10-04,2027-10-04,2025-11-01,5,Tanzania,Air,ABBVIE Ludwigshafen Germany,405,75.0,1262.36
BATCH-01241,ARV-002,2025-10-04,2027-10-04,2025-11-07,19,Côte d'Ivoire,Truck,"Aurobindo Unit III, India",4448,1663.0,1102.3
BATCH-01242,HRDT-011,2026-01-25,2028-01-25,2026-02-22,18,South Sudan,Air,"Alere Medical Co., Ltd.",115,149.0,3256.76
BATCH-01243,ARV-008,2025-07-16,2027-07-16,2025-09-17,30,Zambia,Truck,"Cipla, Patalganga, India",4875,2556.0,4471.07
BATCH-01244,ARV-006,2025-07-04,2027-07-04,2025-10-11,42,South Africa,Ocean,"Strides, Bangalore, India.",440000,19564.0,33865.26
BATCH-01245,ARV-019,2025-12-09,2027-12-09,2026-01-12,19,Haiti,Air,ABBVIE Ludwigshafen Germany,240,30.0,877.61
BATCH-01246,ARV-020,2026-03-12,2028-03-11,2026-04-29,21,Haiti,Air,"Emcure Plot No.P-2, I.T-B.T. Park, Phase II, MIDC, Hinjwadi, Pune, India",1000,133.0,1604.56
BATCH-01247,ARV-008,2025-11-18,2027-11-18,2026-01-01,27,Zambia,Truck,"Aurobindo Unit III, India",3648,974.0,6923.53
BATCH-01248,ARV-003,2025-12-15,2027-12-15,2026-02-20,18,Mozambique,Truck,"Strides, Bangalore, India.",59674,6959.0,7150.25
BATCH-01249,ARV-007,2025-04-18,2027-04-18,2025-05-25,10,Côte d'Ivoire,Air,"Aurobindo Unit III, India",1643,483.0,7293.9
BATCH-01250,HRDT-003,2025-05-29,2027-05-29,2025-08-16,21,Botswana,Air,Inverness Japan,8,2.0,807.65
BATCH-01251,ARV-001,2025-08-26,2027-08-26,2025-09-25,12,Mozambique,Truck,"Aurobindo Unit III, India",23450,2068.0,3936.86
BATCH-01252,ARV-017,2025-11-06,2027-11-06,2025-12-01,16,Zambia,Truck,Mylan (formerly Matrix) Nashik,190000,21534.0,13914.56
BATCH-01253,HRDT-003,2025-03-21,2027-03-21,2025-05-03,6,Haiti,Air,Inverness Japan,1123,257.0,2851.72
BATCH-01254,ARV-004,2026-01-16,2028-01-16,2026-03-07,10,Nigeria,Air Charter,Mylan (formerly Matrix) Nashik,10819,411.0,29674.91
BATCH-01255,HRDT-002,2025-09-08,2027-09-08,2025-11-22,16,South Sudan,Air,"Trinity Biotech, Plc",176,71.0,1743.35
BATCH-01256,ARV-011,2025-12-14,2027-12-14,2026-02-13,9,Zimbabwe,Truck,Hetero Unit III Hyderabad IN,37696,5093.0,10942.89
BATCH-01257,ARV-025,2025-07-24,2027-07-24,2025-09-23,8,Haiti,Air,"MSD, Haarlem, NL",28,7.0,290.0
BATCH-01258,ARV-012,2025-10-18,2027-10-18,2025-12-16,20,Tanzania,Truck,"Cipla, Goa, India",17600,3526.0,8977.0
BATCH-01259,ARV-006,2025-06-11,2027-06-11,2025-07-19,14,Côte d'Ivoire,Air,"Aurobindo Unit III, India",8010,5350.0,4519.97
BATCH-01260,ARV-004,2026-02-26,2028-02-26,2026-04-13,18,South Sudan,Air,"Cipla, Goa, India",635,59.0,1944.99
BATCH-01261,ARV-006,2026-02-24,2028-02-24,2026-03-21,13,Mozambique,Truck,"Micro labs, Verna, Goa, India",648,39.0,30.49
BATCH-01262,ANTM-002,2025-10-01,2027-10-01,2025-11-18,20,Haiti,Air,"Micro Labs, Hosur, India",11000,5051.0,37744.27
BATCH-01263,ARV-011,2025-12-23,2027-12-23,2026-02-03,17,Zimbabwe,Truck,Hetero Unit III Hyderabad IN,59680,7831.0,4529.65
BATCH-01264,ARV-008,2025-10-12,2027-10-12,2025-11-05,18,"Congo, DRC",Air,Mylan (formerly Matrix) Nashik,11,28.0,456.17
BATCH-01265,HRDT-004,2025-06-18,2027-06-18,2025-07-13,9,Ethiopia,Air,Chembio Diagnostics Sys. Inc.,140,38.0,447.73
BATCH-01266,ARV-003,2026-02-02,2028-02-02,2026-03-11,3,Nigeria,Air Charter,Mylan (formerly Matrix) Nashik,85800,5605.0,45180.63
BATCH-01267,ARV-018,2026-03-05,2028-03-04,2026-04-07,8,Zimbabwe,Truck,Mylan (formerly Matrix) Nashik,27847,1153.0,1489.8
BATCH-01268,HRDT-002,2025-02-25,2027-02-25,2025-05-06,11,Zambia,Air,"Trinity Biotech, Plc",5900,1989.0,19569.48
BATCH-01269,ARV-002,2024-11-30,2026-11-30,2025-01-21,21,Uganda,Air,"Strides, Bangalore, India.",6349,355.0,3181.2
BATCH-01270,ARV-005,2025-04-29,2027-04-29,2025-06-30,5,Côte d'Ivoire,Air,ABBVIE Ludwigshafen Germany,10560,2598.0,15873.33
BATCH-01271,ARV-009,2025-06-30,2027-06-30,2025-09-17,38,South Africa,Ocean,"Cipla, Goa, India",105707,7092.0,7704.77
BATCH-01272,ARV-012,2025-05-30,2027-05-30,2025-06-12,6,Vietnam,Air,"Cipla, Goa, India",19392,1899.0,5209.46
BATCH-01273,ARV-005,2026-04-02,2028-04-01,2026-05-08,20,Zimbabwe,Air,ABBVIE (Abbott) Logis. UK,6914,6090.0,41141.5
BATCH-01274,HRDT-004,2025-02-04,2027-02-04,2025-04-04,16,Nigeria,Air,Chembio Diagnostics Sys. Inc.,7719,2502.0,15636.7
BATCH-01275,ARV-013,2025-02-02,2027-02-02,2025-03-25,17,Nigeria,Air,"Aurobindo Unit III, India",447,1054.0,2722.38
BATCH-01276,ARV-005,2025-02-12,2027-02-12,2025-03-22,17,Côte d'Ivoire,Air,ABBVIE Ludwigshafen Germany,12107,2647.0,9307.0
BATCH-01277,ARV-006,2025-05-04,2027-05-04,2025-06-15,9,Nigeria,Air Charter,"Aurobindo Unit III, India",50,112.0,7445.8
BATCH-01278,ARV-006,2025-04-25,2027-04-25,2025-07-06,18,Haiti,Air,"Aurobindo Unit III, India",4077,1404.0,8329.13
BATCH-01279,HRDT-012,2025-03-13,2027-03-13,2025-04-13,5,Côte d'Ivoire,Air,Bio-Rad Laboratories,476,509.0,5446.51
BATCH-01280,HRDT-005,2025-09-19,2027-09-19,2025-10-15,19,Tanzania,Air,"Standard Diagnostics, Korea",10000,3349.0,22523.12
BATCH-01281,ARV-003,2025-03-15,2027-03-15,2025-04-23,17,Uganda,Air,"Aurobindo Unit III, India",1400,156.0,1282.6
BATCH-01282,ARV-002,2025-12-12,2027-12-12,2026-03-02,24,Tanzania,Truck,"Aurobindo Unit III, India",20000,3920.0,6010.2
BATCH-01283,ARV-017,2025-06-08,2027-06-08,2025-07-30,6,Nigeria,Air Charter,Mylan (formerly Matrix) Nashik,30000,3289.0,9736.1
BATCH-01284,ARV-004,2025-01-06,2027-01-06,2025-03-16,18,Ethiopia,Air,"Aurobindo Unit III, India",9691,899.0,6483.0
BATCH-01285,ARV-007,2025-12-31,2027-12-31,2026-03-07,11,Nigeria,Air,"Aurobindo Unit III, India",25932,1548.0,11663.16
BATCH-01286,ARV-016,2026-01-21,2028-01-21,2026-02-06,5,Mozambique,Air,"Strides, Bangalore, India.",18025,1139.0,4683.02
BATCH-01287,ARV-008,2025-10-25,2027-10-25,2025-12-04,20,Rwanda,Air,"Aurobindo Unit III, India",6849,880.0,13841.89
BATCH-01288,ARV-001,2025-11-13,2027-11-13,2025-11-29,8,Rwanda,Air,Hetero Unit III Hyderabad IN,20370,1751.0,13244.8
BATCH-01289,HRDT-001,2026-01-31,2028-01-31,2026-02-11,6,Nigeria,Air,"Alere Medical Co., Ltd.",3041,1235.0,21084.84
BATCH-01290,ARV-010,2025-05-08,2027-05-08,2025-07-06,9,Nigeria,Air Charter,Mylan (formerly Matrix) Nashik,50040,4161.0,11637.64
BATCH-01291,ARV-009,2025-10-04,2027-10-04,2025-12-11,12,Côte d'Ivoire,Truck,Mylan (formerly Matrix) Nashik,2832,159.0,1984.83
BATCH-01292,HRDT-002,2025-05-27,2027-05-27,2025-06-28,19,Namibia,Air,"Trinity Biotech, Plc",1000,345.0,8858.67
BATCH-01293,HRDT-001,2026-01-08,2028-01-08,2026-03-05,12,Zimbabwe,Air,"Alere Medical Co., Ltd.",8787,3560.0,52462.81
BATCH-01294,ARV-008,2025-10-15,2027-10-15,2025-11-23,5,Haiti,Air,"Cipla, Patalganga, India",864,46.0,304.63
BATCH-01295,ARV-006,2025-08-21,2027-08-21,2025-09-10,12,Nigeria,Air Charter,"Aurobindo Unit III, India",6700,426.0,43548.0
BATCH-01296,ARV-002,2025-02-15,2027-02-15,2025-04-30,19,Mozambique,Truck,Hetero Unit III Hyderabad IN,12040,677.0,1522.92
BATCH-01297,ARV-001,2025-07-16,2027-07-16,2025-10-10,34,South Africa,Ocean,"Aurobindo Unit III, India",50000,2953.0,6409.91
BATCH-01298,ARV-007,2025-05-21,2027-05-21,2025-07-12,16,Côte d'Ivoire,Air,"Aurobindo Unit III, India",2691,1021.0,5254.1
BATCH-01299,HRDT-004,2025-07-08,2027-07-08,2025-09-03,14,Ethiopia,Air,Chembio Diagnostics Sys. Inc.,545,204.0,1219.85
BATCH-01300,HRDT-003,2025-07-17,2027-07-17,2025-08-17,5,Haiti,Air,Inverness Japan,1000,227.0,2486.62
BATCH-01301,ARV-006,2025-06-02,2027-06-02,2025-09-10,52,South Africa,Ocean,"Strides, Bangalore, India.",189137,9173.0,13677.67
BATCH-01302,ARV-003,2026-03-17,2028-03-16,2026-04-22,7,Nigeria,Air Charter,Hetero Unit III Hyderabad IN,42500,6229.0,12045.84
BATCH-01303,ARV-004,2025-08-13,2027-08-13,2025-11-03,23,Uganda,Truck,"Aurobindo Unit III, India",18528,1713.0,15672.8
BATCH-01304,ARV-001,2025-11-16,2027-11-16,2025-12-14,20,Tanzania,Air,"Aurobindo Unit III, India",90000,7867.0,21567.19
BATCH-01305,HRDT-003,2025-04-26,2027-04-26,2025-05-25,15,Zambia,Air,Inverness Japan,5500,1624.0,12646.15
BATCH-01306,ARV-014,2025-03-13,2027-03-13,2025-05-26,16,Vietnam,Air,"BMS Meymac, France",260,56.0,2246.81
BATCH-01307,ARV-012,2025-04-03,2027-04-03,2025-05-06,13,Mozambique,Truck,"Strides, Bangalore, India.",125009,7910.0,1012.43
BATCH-01308,ARV-005,2025-10-20,2027-10-20,2025-11-20,9,Libya,Air,ABBVIE Ludwigshafen Germany,500,709.0,761.91
BATCH-01309,HRDT-006,2025-03-09,2027-03-09,2025-05-08,12,Ethiopia,Air,"KHB Test Kit Facility, Shanghai China",3510,2535.0,23035.69
BATCH-01310,HRDT-001,2025-07-28,2027-07-28,2025-08-31,19,Zambia,Air,Inverness Japan,2041,989.0,16654.29
BATCH-01311,ARV-011,2025-11-30,2027-11-30,2026-01-15,13,Uganda,Air,Hetero Unit III Hyderabad IN,61394,8115.0,13817.65
BATCH-01312,ARV-011,2026-02-21,2028-02-21,2026-03-23,10,Vietnam,Air,Hetero Unit III Hyderabad IN,22752,3138.0,4964.6
BATCH-01313,ARV-005,2026-01-30,2028-01-30,2026-03-04,18,"Congo, DRC",Air,Mylan (formerly Matrix) Nashik,2300,613.0,4676.4
BATCH-01314,ARV-004,2026-01-23,2028-01-23,2026-04-10,19,Ghana,Air,Mylan (formerly Matrix) Nashik,25687,2184.0,15041.23
BATCH-01315,ARV-012,2025-06-06,2027-06-06,2025-07-11,20,Vietnam,Air,"Cipla, Goa, India",40400,3919.0,12704.0
BATCH-01316,ARV-003,2026-02-28,2028-02-28,2026-03-24,14,Tanzania,Truck,Mylan (formerly Matrix) Nashik,14789,825.0,5137.06
BATCH-01317,ARV-017,2026-01-04,2028-01-04,2026-03-11,24,Tanzania,Truck,Mylan (formerly Matrix) Nashik,206508,22895.0,13649.14
BATCH-01318,ARV-018,2025-04-23,2027-04-23,2025-06-29,15,Côte d'Ivoire,Air,"Aurobindo Unit III, India",2245,226.0,2911.16
BATCH-01319,ARV-017,2025-11-17,2027-11-17,2025-12-16,17,Zambia,Truck,Mylan (formerly Matrix) Nashik,133000,15075.0,10809.09
BATCH-01320,HRDT-003,2025-08-18,2027-08-18,2025-10-11,11,Mozambique,Air,Inverness Japan,11800,2675.0,4969.35
BATCH-01321,ARV-006,2025-06-29,2027-06-29,2025-08-31,29,South Africa,Ocean,"Strides, Bangalore, India.",164908,8048.0,12225.76
BATCH-01322,ARV-012,2025-01-28,2027-01-28,2025-03-28,9,Zimbabwe,Air,"Cipla, Goa, India",37240,4080.0,13317.2
BATCH-01323,ARV-001,2025-06-06,2027-06-06,2025-07-01,14,Uganda,Air,"Aurobindo Unit III, India",200,22.0,709.02
BATCH-01324,HRDT-005,2025-07-17,2027-07-17,2025-10-03,20,Tanzania,Air,"Standard Diagnostics, Korea",10000,3335.0,23616.68
BATCH-01325,ARV-004,2025-11-05,2027-11-05,2026-01-02,19,Uganda,Air,"Aurobindo Unit III, India",2512,177.0,3255.61
BATCH-01326,ARV-005,2025-04-12,2027-04-12,2025-06-10,8,Côte d'Ivoire,Air,ABBVIE Ludwigshafen Germany,10240,2523.0,14806.48
BATCH-01327,ARV-002,2025-06-22,2027-06-22,2025-08-01,16,Ethiopia,Air,"Aurobindo Unit III, India",11000,1070.0,6153.8
BATCH-01328,ARV-002,2026-01-04,2028-01-04,2026-03-07,6,Zambia,Air,"Aurobindo Unit III, India",1222,825.0,6380.09
BATCH-01329,HRDT-006,2026-01-13,2028-01-13,2026-03-09,16,Rwanda,Air,"KHB Test Kit Facility, Shanghai China",4068,2712.0,37680.04
BATCH-01330,ARV-001,2025-02-19,2027-02-19,2025-03-12,10,Côte d'Ivoire,Air,"MSD, Haarlem, NL",4077,1554.0,4963.0
BATCH-01331,ARV-007,2025-07-19,2027-07-19,2025-10-23,41,South Africa,Ocean,"Aurobindo Unit III, India",9829,509.0,3341.45
BATCH-01332,HRDT-001,2025-06-22,2027-06-22,2025-08-26,17,Kenya,Air,Inverness Japan,7243,1247.0,13765.81
BATCH-01333,ARV-002,2025-08-31,2027-08-31,2025-10-03,12,Haiti,Air,"Aurobindo Unit III, India",3100,1156.0,14661.14
BATCH-01334,ARV-012,2025-06-17,2027-06-17,2025-08-09,18,Zimbabwe,Air,"Cipla, Goa, India",60000,7268.0,13243.91
BATCH-01335,ARV-008,2026-01-29,2028-01-29,2026-03-15,19,Mozambique,Truck,Mylan (formerly Matrix) Nashik,3386,15942.0,4768.06
BATCH-01336,HRDT-002,2025-11-20,2027-11-20,2026-01-14,21,South Sudan,Air,"Trinity Biotech, Plc",125,41.0,1441.21
BATCH-01337,ARV-014,2025-08-31,2027-08-31,2025-11-12,15,Tanzania,Air,Bristol-Myers Squibb Anagni IT,4132,1598.0,12689.71
BATCH-01338,ARV-010,2025-10-11,2027-10-11,2025-12-14,10,Uganda,Air,"Cipla, Kurkumbh, India",11994,1199.0,7918.0
BATCH-01339,ARV-004,2026-03-17,2028-03-16,2026-04-27,25,Tanzania,Truck,"Cipla, Goa, India",19389,1293.0,4916.0
BATCH-01340,ARV-002,2025-08-26,2027-08-26,2025-11-08,16,Mozambique,Truck,"Aurobindo Unit VII, IN",2870,277.0,4313.33
BATCH-01341,HRDT-002,2025-06-23,2027-06-23,2025-08-05,14,Namibia,Air,"Trinity Biotech, Plc",500,170.0,1691.15
BATCH-01342,ARV-001,2025-03-14,2027-03-14,2025-05-03,7,Haiti,Air,Mylan (formerly Matrix) Nashik,8192,9516.0,101348.75
BATCH-01343,ARV-003,2025-06-03,2027-06-03,2025-07-27,7,Uganda,Air,"Aurobindo Unit III, India",5218,617.0,5194.22
BATCH-01344,ARV-001,2025-11-03,2027-11-03,2025-12-18,14,Haiti,Air,"Aurobindo Unit III, India",19656,1679.0,18028.41
BATCH-01345,ARV-012,2026-01-19,2028-01-19,2026-03-01,11,Tanzania,Truck,"Cipla, Goa, India",9312,1221.0,4847.8
BATCH-01346,ARV-010,2026-01-11,2028-01-11,2026-03-12,30,Zambia,Truck,Ranbaxy per Shasun Pharma Ltd,27900,17018.0,19564.23
BATCH-01347,ARV-008,2025-06-29,2027-06-29,2025-10-14,55,South Africa,Ocean,GSK Mississauga (Canada),20000,7656.0,9650.6
BATCH-01348,ARV-007,2025-06-10,2027-06-10,2025-07-22,16,Côte d'Ivoire,Air,"Aurobindo Unit III, India",915,51.0,1702.92
BATCH-01349,ARV-030,2025-01-24,2027-01-24,2025-03-02,17,Nigeria,Air,"Aspen-OSD, Port Elizabeth, SA",9980,2846.0,13873.0
BATCH-01350,ARV-001,2026-01-18,2028-01-18,2026-03-04,21,Côte d'Ivoire,Truck,"Strides, Bangalore, India.",72300,4392.0,18607.76
BATCH-01351,ARV-002,2025-11-16,2027-11-16,2025-12-07,6,Rwanda,Air,"Aurobindo Unit III, India",57961,5525.0,43237.33
BATCH-01352,ARV-002,2026-02-14,2028-02-14,2026-03-23,11,Burundi,Air,Hetero Unit III Hyderabad IN,525,35.0,638.65
BATCH-01353,ARV-001,2025-12-08,2027-12-08,2026-01-01,13,Uganda,Air,"Strides, Bangalore, India.",24966,5391.0,28382.05
BATCH-01354,ARV-003,2025-07-23,2027-07-23,2025-08-13,12,Nigeria,Air Charter,"Aurobindo Unit III, India",1700,224.0,6147.18
BATCH-01355,HRDT-001,2025-09-05,2027-09-05,2025-10-27,8,Zambia,Air,"Alere Medical Co., Ltd.",2618,1246.0,22614.24
BATCH-01356,ARV-012,2025-03-24,2027-03-24,2025-04-15,13,Mozambique,Air,"Cipla, Goa, India",90955,16579.0,8654.7
BATCH-01357,ARV-001,2025-05-01,2027-05-01,2025-06-16,10,Côte d'Ivoire,Air,"Aurobindo Unit III, India",5010,434.0,1854.88
BATCH-01358,HRDT-015,2026-03-22,2028-03-21,2026-05-15,7,Burundi,Air,Chembio Diagnostics Sys. Inc.,594,63.0,877.52
BATCH-01359,HRDT-002,2026-03-17,2028-03-16,2026-05-06,6,South Sudan,Air,"Trinity Biotech, Plc",35,191.0,2796.58
BATCH-01360,ARV-015,2025-06-25,2027-06-25,2025-08-04,11,Uganda,Air,Mylan (formerly Matrix) Nashik,6000,493.0,7879.03
BATCH-01361,ARV-017,2025-10-14,2027-10-14,2025-11-06,8,Côte d'Ivoire,Truck,Mylan (formerly Matrix) Nashik,8922,973.0,4466.99
BATCH-01362,ARV-009,2025-08-08,2027-08-08,2025-10-09,6,Uganda,Air,Mylan (formerly Matrix) Nashik,2447,138.0,1812.94
BATCH-01363,ARV-012,2025-04-14,2027-04-14,2025-06-13,10,Vietnam,Air,"Cipla, Goa, India",35616,3479.0,10048.1
BATCH-01364,ARV-002,2025-08-22,2027-08-22,2025-10-07,8,Vietnam,Air,Mylan (formerly Matrix) Nashik,25000,3098.0,12745.06
BATCH-01365,ARV-012,2025-03-31,2027-03-31,2025-04-23,14,Tanzania,Air,"Cipla, Goa, India",40000,4289.0,24594.29
BATCH-01366,ARV-001,2025-03-30,2027-03-30,2025-04-10,5,Uganda,Air,"Aurobindo Unit III, India",860,76.0,675.0
BATCH-01367,ARV-007,2025-04-07,2027-04-07,2025-05-09,10,Côte d'Ivoire,Air,"Aurobindo Unit III, India",1200,448.0,2605.77
BATCH-01368,ARV-009,2025-08-19,2027-08-19,2025-10-12,41,South Africa,Ocean,"Aurobindo Unit III, India",86843,8106.0,10748.78
BATCH-01369,MRDT-001,2025-02-08,2027-02-08,2025-04-22,21,Guyana,Air,Not Applicable,98,34.0,180.0
BATCH-01370,ARV-004,2026-02-18,2028-02-18,2026-03-28,22,Tanzania,Truck,Mylan (formerly Matrix) Nashik,15639,590.0,5399.25
BATCH-01371,ARV-001,2025-08-16,2027-08-16,2025-10-31,56,South Africa,Ocean,"Aurobindo Unit III, India",128620,10643.0,7292.26
BATCH-01372,ARV-007,2025-07-29,2027-07-29,2025-10-10,15,Mozambique,Truck,"Aurobindo Unit III, India",6250,2409.0,3525.03
BATCH-01373,ARV-007,2025-06-22,2027-06-22,2025-09-21,41,South Africa,Ocean,"Aurobindo Unit III, India",17470,7765.0,4835.17
BATCH-01374,ARV-018,2025-12-03,2027-12-03,2026-01-06,17,Zimbabwe,Truck,Mylan (formerly Matrix) Nashik,810,52.0,1600.0
BATCH-01375,ARV-008,2025-10-07,2027-10-07,2025-11-22,20,Rwanda,Air,"Cipla, Goa, India",1004,1.0,3253.88
BATCH-01376,HRDT-002,2025-03-02,2027-03-02,2025-05-04,30,Kenya,Truck,"Trinity Biotech, Plc",1250,393.0,157.5
BATCH-01377,HRDT-001,2025-08-10,2027-08-10,2025-10-11,21,Guyana,Air,Inverness Japan,915,439.0,11941.94
BATCH-01378,ARV-015,2025-03-20,2027-03-20,2025-06-01,17,Nigeria,Air,"Aspen-OSD, Port Elizabeth, SA",2067,235.0,2922.53
BATCH-01379,ARV-003,2025-03-14,2027-03-14,2025-05-18,13,Uganda,Air,"Aurobindo Unit III, India",20000,2283.0,13586.1
BATCH-01380,ARV-014,2025-08-29,2027-08-29,2025-11-14,19,Côte d'Ivoire,Truck,"Aurobindo Unit III, India",1825,119.0,3159.12
BATCH-01381,ARV-016,2025-11-05,2027-11-05,2025-12-03,21,Rwanda,Air,"Strides, Bangalore, India.",7300,375.0,2719.63
BATCH-01382,ARV-003,2025-02-16,2027-02-16,2025-03-14,9,Uganda,Air,"Aurobindo Unit III, India",1650,197.0,1637.0
BATCH-01383,ARV-016,2025-06-08,2027-06-08,2025-07-23,10,Uganda,Air,"Cipla, Goa, India",140,17.0,1073.46
BATCH-01384,HRDT-013,2025-07-30,2027-07-30,2025-08-26,20,Côte d'Ivoire,Air,"Standard Diagnostics, Korea",1206,429.0,4540.55
BATCH-01385,HRDT-003,2025-08-13,2027-08-13,2025-09-17,11,Haiti,Air,Inverness Japan,2000,453.0,7030.94
BATCH-01386,ARV-006,2026-01-30,2028-01-30,2026-02-24,12,Rwanda,Truck,"Aurobindo Unit III, India",5233,1855.0,6638.3
BATCH-01387,ARV-021,2025-05-21,2027-05-21,2025-07-30,14,Nigeria,Air,Roche Basel,11,6.0,2502.05
BATCH-01388,ARV-012,2025-03-10,2027-03-10,2025-03-28,10,Zimbabwe,Air,"Cipla, Goa, India",2508,4303.0,12894.85
BATCH-01389,ARV-007,2025-05-12,2027-05-12,2025-06-22,28,Zambia,Truck,Hetero Unit III Hyderabad IN,12294,629.0,8281.69
BATCH-01390,ARV-008,2025-02-15,2027-02-15,2025-03-22,20,Rwanda,Air,Mylan (formerly Matrix) Nashik,1099,113.0,1511.25
BATCH-01391,ARV-004,2025-11-17,2027-11-17,2025-12-10,10,Vietnam,Air,Hetero Unit III Hyderabad IN,7760,675.0,1587.92
BATCH-01392,HRDT-001,2025-10-31,2027-10-31,2025-12-20,14,Nigeria,Air,"Alere Medical Co., Ltd.",2744,1303.0,29251.24
BATCH-01393,ARV-006,2025-04-12,2027-04-12,2025-05-28,21,Rwanda,Air,"Aurobindo Unit III, India",6385,327.0,1762.5
BATCH-01394,HRDT-003,2025-05-05,2027-05-05,2025-07-16,17,Côte d'Ivoire,Air,Inverness Japan,3500,794.0,12619.38
BATCH-01395,ARV-002,2026-02-07,2028-02-07,2026-03-06,8,Côte d'Ivoire,Air,"Cipla, Patalganga, India",3900,321.0,3740.01
BATCH-01396,ARV-009,2025-08-29,2027-08-29,2025-10-23,21,Côte d'Ivoire,Truck,Mylan (formerly Matrix) Nashik,3520,197.0,3296.34
BATCH-01397,ARV-001,2025-09-18,2027-09-18,2025-11-13,15,Rwanda,Air,"Strides, Bangalore, India.",26962,1638.0,18446.92
BATCH-01398,ARV-011,2026-03-21,2028-03-20,2026-05-15,16,Vietnam,Air,Hetero Unit III Hyderabad IN,17760,2523.0,4784.19
BATCH-01399,ARV-012,2025-06-09,2027-06-09,2025-08-01,5,Zimbabwe,Air,"Cipla, Goa, India",47390,7112.0,3833.17
BATCH-01400,ARV-012,2025-06-19,2027-06-19,2025-07-19,14,Zimbabwe,Truck,"Cipla, Goa, India",36100,3955.0,13208.56
BATCH-01401,HRDT-004,2025-03-15,2027-03-15,2025-05-05,19,Nigeria,Air,Chembio Diagnostics Sys. Inc.,8485,2441.0,22229.32
BATCH-01402,ARV-003,2025-09-18,2027-09-18,2025-11-18,12,Mozambique,Truck,Mylan (formerly Matrix) Nashik,117749,28088.0,19652.22
BATCH-01403,ARV-006,2026-02-12,2028-02-12,2026-04-15,10,Ghana,Air,"Aurobindo Unit III, India",1905,786.0,4304.34
BATCH-01404,ARV-011,2026-03-21,2028-03-20,2026-05-04,6,Nigeria,Air Charter,Hetero Unit III Hyderabad IN,290000,37449.0,69097.98
BATCH-01405,HRDT-006,2025-03-30,2027-03-30,2025-05-17,8,Ethiopia,Air,"KHB Test Kit Facility, Shanghai China",3510,2535.0,20083.74
BATCH-01406,ARV-009,2025-12-23,2027-12-23,2026-02-20,7,Vietnam,Air,Hetero Unit III Hyderabad IN,12693,975.0,2048.91
BATCH-01407,HRDT-002,2025-04-02,2027-04-02,2025-05-21,10,Ethiopia,Air,"Trinity Biotech, Plc",2500,844.0,8101.57
BATCH-01408,ARV-015,2025-03-13,2027-03-13,2025-05-28,19,Uganda,Air,"Aspen-OSD, Port Elizabeth, SA",3014,291.0,1755.0
BATCH-01409,ARV-005,2025-06-18,2027-06-18,2025-07-05,5,Vietnam,Air,ABBVIE Ludwigshafen Germany,1720,424.0,10296.99
BATCH-01410,HRDT-014,2026-01-31,2028-01-31,2026-03-05,9,Mali,Air,Chembio Diagnostics Sys. Inc.,154,87.0,2445.68
BATCH-01411,ARV-009,2025-07-22,2027-07-22,2025-08-08,6,South Africa,Air,"Cipla, Goa, India",1110,76.0,916.22
BATCH-01412,ARV-004,2025-11-27,2027-11-27,2025-12-20,14,Vietnam,Air,Hetero Unit III Hyderabad IN,14842,1364.0,2348.57
BATCH-01413,HRDT-001,2026-02-09,2028-02-09,2026-03-20,9,Nigeria,Air,"Alere Medical Co., Ltd.",10364,4212.0,62466.03
BATCH-01414,ARV-015,2025-04-11,2027-04-11,2025-05-16,18,Nigeria,Air,"Aspen-OSD, Port Elizabeth, SA",139,192.0,13538.35
BATCH-01415,ARV-014,2026-01-04,2028-01-04,2026-02-14,14,"Congo, DRC",Air,"Aurobindo Unit III, India",171,81.0,2782.94
BATCH-01416,HRDT-003,2025-01-09,2027-01-09,2025-02-25,18,Guyana,Air,Inverness Japan,300,69.0,1398.6
BATCH-01417,HRDT-003,2025-02-07,2027-02-07,2025-04-02,15,Côte d'Ivoire,Air,Inverness Japan,70,16.0,515.48
BATCH-01418,ARV-001,2025-10-11,2027-10-11,2025-12-19,12,Uganda,Air,"Aurobindo Unit III, India",4938,430.0,2154.0
BATCH-01419,HRDT-001,2026-02-14,2028-02-14,2026-04-25,19,Rwanda,Air,"Alere Medical Co., Ltd.",1144,468.0,8806.76
BATCH-01420,ARV-005,2025-12-11,2027-12-11,2026-01-12,7,Nigeria,Air Charter,Mylan (formerly Matrix) Nashik,7677,16376.0,14547.55
BATCH-01421,ARV-003,2025-01-26,2027-01-26,2025-03-10,21,Nigeria,Air,"Aurobindo Unit III, India",7436,962.0,5180.0
BATCH-01422,ARV-015,2025-09-01,2027-09-01,2025-11-08,21,Zambia,Air,"Aurobindo Unit III, India",100000,9389.0,51294.87
BATCH-01423,ARV-017,2025-12-09,2027-12-09,2026-01-10,21,Zambia,Truck,Mylan (formerly Matrix) Nashik,225035,25504.0,33770.41
BATCH-01424,ARV-001,2025-06-11,2027-06-11,2025-07-31,16,Rwanda,Air,"Emcure Plot No.P-2, I.T-B.T. Park, Phase II, MIDC, Hinjwadi, Pune, India",59609,4227.0,33008.05
BATCH-01425,HRDT-001,2025-12-30,2027-12-30,2026-02-05,9,Malawi,Air,"Alere Medical Co., Ltd.",154,60.0,1619.3
BATCH-01426,ARV-012,2025-01-16,2027-01-16,2025-02-18,18,Tanzania,Air,"Cipla, Goa, India",3386,31.0,1589.0
BATCH-01427,ARV-012,2025-04-20,2027-04-20,2025-06-20,23,Zambia,Truck,"Strides, Bangalore, India.",35000,2604.0,2448.71
BATCH-01428,ARV-006,2025-07-06,2027-07-06,2025-08-17,20,Ethiopia,Air,"Aurobindo Unit III, India",1800,74.0,530.36
BATCH-01429,ARV-019,2025-08-25,2027-08-25,2025-09-18,9,Côte d'Ivoire,Air,ABBVIE Ludwigshafen Germany,2706,346.0,9539.6
BATCH-01430,ARV-011,2025-12-11,2027-12-11,2026-02-14,25,Mozambique,Truck,Hetero Unit III Hyderabad IN,112303,15105.0,5846.08
BATCH-01431,ARV-004,2026-01-15,2028-01-15,2026-02-10,12,Burundi,Air,"Cipla, Goa, India",6141,741.0,3810.39
BATCH-01432,ARV-001,2025-02-25,2027-02-25,2025-04-19,11,Zambia,Truck,Mylan (formerly Matrix) Nashik,50000,3882.0,5468.93
BATCH-01433,ARV-005,2025-04-09,2027-04-09,2025-04-29,7,Haiti,Air,ABBVIE Ludwigshafen Germany,20,19.0,658.68
BATCH-01434,ARV-006,2025-09-30,2027-09-30,2025-11-05,8,Nigeria,Air Charter,Hetero Unit III Hyderabad IN,19501,2046.0,25231.96
BATCH-01435,HRDT-011,2025-09-01,2027-09-01,2025-10-30,10,Sudan,Air,"Alere Medical Co., Ltd.",2,2.0,885.49
BATCH-01436,HRDT-002,2026-03-06,2028-03-05,2026-03-29,6,Mozambique,Air,"Trinity Biotech, Plc",8261,298.0,16397.94
BATCH-01437,HRDT-002,2026-01-29,2028-01-29,2026-03-29,12,"Congo, DRC",Air,"Trinity Biotech, Plc",34,112.0,3196.31
BATCH-01438,ARV-017,2025-07-22,2027-07-22,2025-09-26,22,Tanzania,Truck,Mylan (formerly Matrix) Nashik,28200,3076.0,3859.0
BATCH-01439,ARV-015,2025-02-14,2027-02-14,2025-04-19,10,Nigeria,Air,"Aspen-OSD, Port Elizabeth, SA",15000,1309.0,7463.74
BATCH-01440,ARV-005,2026-01-15,2028-01-15,2026-02-19,21,Tanzania,Air,ABBVIE Ludwigshafen Germany,1764,209.0,2177.56
BATCH-01441,ARV-018,2025-12-22,2027-12-22,2026-02-22,18,Zimbabwe,Air,Mylan (formerly Matrix) Nashik,9810,962.0,6773.13
BATCH-01442,ARV-001,2025-09-11,2027-09-11,2025-11-19,13,Vietnam,Air,"Aurobindo Unit III, India",435,25.0,1003.65
BATCH-01443,HRDT-001,2025-12-06,2027-12-06,2026-02-10,20,Côte d'Ivoire,Air,"Alere Medical Co., Ltd.",1800,730.0,10351.26
BATCH-01444,HRDT-006,2025-10-23,2027-10-23,2025-11-19,12,Ethiopia,Air,"KHB Test Kit Facility, Shanghai China",175,128.0,1584.09
BATCH-01445,ARV-019,2025-07-26,2027-07-26,2025-09-21,7,Côte d'Ivoire,Air,ABBVIE Ludwigshafen Germany,3450,440.0,4588.02
BATCH-01446,ARV-003,2025-09-14,2027-09-14,2025-10-01,7,Zimbabwe,Truck,Mylan (formerly Matrix) Nashik,35000,2032.0,4428.06
BATCH-01447,ARV-014,2025-05-25,2027-05-25,2025-07-21,20,Vietnam,Air,"Aurobindo Unit III, India",252,17.0,436.62
BATCH-01448,ARV-018,2025-11-01,2027-11-01,2025-12-24,21,Côte d'Ivoire,Air,"Aurobindo Unit III, India",7228,338.0,3845.67
BATCH-01449,HRDT-016,2025-12-07,2027-12-07,2026-01-27,17,Kenya,Air,Premier Med. Corp Ltd. India,6667,2020.0,10682.41
BATCH-01450,ARV-011,2025-12-08,2027-12-08,2026-01-14,4,Nigeria,Air Charter,Hetero Unit III Hyderabad IN,120000,17470.0,20666.07
BATCH-01451,HRDT-001,2025-06-16,2027-06-16,2025-07-01,9,Nigeria,Air,Inverness Japan,5100,2440.0,43692.46
BATCH-01452,ARV-016,2025-07-25,2027-07-25,2025-08-31,5,Mozambique,Air,Mylan (formerly Matrix) Nashik,8556,643.0,4156.94
BATCH-01453,ARV-010,2025-09-07,2027-09-07,2025-11-05,3,Nigeria,Air Charter,Mylan (formerly Matrix) Nashik,22426,1942.0,25231.96
BATCH-01454,ARV-002,2025-08-29,2027-08-29,2025-10-02,5,Nigeria,Air Charter,"Aurobindo Unit III, India",42371,5262.0,13398.0
BATCH-01455,ARV-003,2026-03-26,2028-03-25,2026-04-29,14,Haiti,Air,Mylan (formerly Matrix) Nashik,24992,3458.0,19839.26
BATCH-01456,HRDT-002,2025-09-12,2027-09-12,2025-11-16,6,Ethiopia,Air,"Trinity Biotech, Plc",24,8.0,315.44
BATCH-01457,ARV-011,2025-12-23,2027-12-23,2026-01-23,21,Vietnam,Air,Mylan (formerly Matrix) Nashik,2865,332.0,6973.87
BATCH-01458,ARV-002,2025-07-30,2027-07-30,2025-10-10,41,South Africa,Ocean,"Strides, Bangalore, India.",150000,9306.0,10511.33
BATCH-01459,ARV-008,2025-09-28,2027-09-28,2025-11-09,9,Haiti,Air,"Aurobindo Unit III, India",1470,9635.0,95269.39
BATCH-01460,HRDT-001,2025-07-19,2027-07-19,2025-09-01,13,Zambia,Air,Inverness Japan,2814,1363.0,22746.62
BATCH-01461,HRDT-006,2026-02-20,2028-02-20,2026-05-04,18,Ethiopia,Air,"KHB Test Kit Facility, Shanghai China",4000,2764.0,40716.16
BATCH-01462,ARV-001,2025-09-24,2027-09-24,2025-11-01,10,Haiti,Air,"Strides, Bangalore, India.",33600,2047.0,20746.03
BATCH-01463,ARV-005,2025-05-24,2027-05-24,2025-07-26,5,Rwanda,Air,"Aurobindo Unit III, India",2240,554.0,7531.78
BATCH-01464,ARV-004,2025-05-01,2027-05-01,2025-05-14,5,Côte d'Ivoire,Air,"Aurobindo Unit III, India",27224,2506.0,23382.04
BATCH-01465,ARV-019,2025-09-24,2027-09-24,2025-11-27,19,Côte d'Ivoire,Air,ABBVIE Ludwigshafen Germany,760,99.0,1462.71
BATCH-01466,ARV-003,2026-02-26,2028-02-26,2026-04-10,6,Namibia,Air,"Hetero, Jadcherla, unit 5, IN",33696,4262.0,27262.44
BATCH-01467,HRDT-001,2025-12-04,2027-12-04,2026-01-06,15,Nigeria,Air,"Alere Medical Co., Ltd.",2874,1252.0,26380.35
BATCH-01468,ARV-011,2026-02-12,2028-02-12,2026-03-17,16,Tanzania,Truck,Mylan (formerly Matrix) Nashik,116931,13280.0,7083.18
BATCH-01469,ARV-010,2025-09-08,2027-09-08,2025-11-09,18,"Congo, DRC",Air,Mylan (formerly Matrix) Nashik,103,1072.0,5636.3
BATCH-01470,ARV-009,2025-02-28,2027-02-28,2025-04-15,6,Nigeria,Air,"Aspen-OSD, Port Elizabeth, SA",48,4.0,213.75
BATCH-01471,HRDT-008,2025-04-15,2027-04-15,2025-06-12,20,Botswana,Air,"Pacific Biotech, Thailand",5,12.0,684.42
BATCH-01472,ARV-009,2025-07-09,2027-07-09,2025-09-04,50,South Africa,Ocean,"Aurobindo Unit III, India",80381,7503.0,6147.08
BATCH-01473,ARV-005,2025-03-10,2027-03-10,2025-04-28,12,Nigeria,Air,ABBVIE Ludwigshafen Germany,94,27.0,1058.0
BATCH-01474,HRDT-001,2025-08-15,2027-08-15,2025-10-20,8,Kenya,Air,"Alere Medical Co., Ltd.",7238,1246.0,13336.64
BATCH-01475,ARV-020,2026-03-11,2028-03-10,2026-04-06,21,Uganda,Air,Mylan (formerly Matrix) Nashik,3115,420.0,2335.73
BATCH-01476,ARV-022,2025-08-10,2027-08-10,2025-09-19,10,Uganda,Air,"MSD, Haarlem, NL",55,6.0,99.0
BATCH-01477,ARV-004,2025-08-05,2027-08-05,2025-09-24,18,Zambia,Truck,"Aurobindo Unit III, India",120000,11057.0,12049.4
BATCH-01478,ARV-002,2025-04-24,2027-04-24,2025-06-28,11,Ethiopia,Air,"Aurobindo Unit III, India",12873,1258.0,6027.68
BATCH-01479,ARV-008,2025-04-21,2027-04-21,2025-05-23,12,Tanzania,Truck,"Aurobindo Unit III, India",4439,1592.0,6708.25
BATCH-01480,ARV-004,2026-02-14,2028-02-14,2026-04-02,16,Zambia,Truck,"Aurobindo Unit III, India",79914,7194.0,9410.57
BATCH-01481,ARV-002,2025-12-20,2027-12-20,2026-02-09,7,Cameroon,Air,"Aurobindo Unit III, India",34595,3642.0,31434.31
BATCH-01482,ARV-014,2025-07-12,2027-07-12,2025-07-25,5,Rwanda,Air,"Aurobindo Unit III, India",558,1297.0,23760.45
BATCH-01483,ARV-008,2025-05-15,2027-05-15,2025-07-12,9,Côte d'Ivoire,Air,"Aurobindo Unit III, India",400,146.0,5254.09
BATCH-01484,HRDT-003,2025-02-14,2027-02-14,2025-04-11,6,Zambia,Air,Inverness Japan,4300,979.0,8690.26
BATCH-01485,ARV-009,2025-01-25,2027-01-25,2025-03-22,12,Rwanda,Air,"Aspen-OSD, Port Elizabeth, SA",1609,157.0,7922.24
BATCH-01486,ARV-009,2026-01-05,2028-01-05,2026-03-13,27,Mozambique,Truck,Hetero Unit III Hyderabad IN,560,40.0,4100.0
BATCH-01487,ARV-001,2025-06-28,2027-06-28,2025-09-12,30,South Africa,Ocean,"Aurobindo Unit III, India",116218,12410.0,10446.37
BATCH-01488,ARV-003,2025-06-13,2027-06-13,2025-08-04,5,Uganda,Air,Mylan (formerly Matrix) Nashik,15000,1943.0,6299.45
BATCH-01489,ARV-002,2025-06-02,2027-06-02,2025-07-30,4,Nigeria,Air Charter,"Strides, Bangalore, India.",20000,1098.0,9736.1
BATCH-01490,ARV-010,2026-03-27,2028-03-26,2026-05-13,19,Mozambique,Truck,Hetero Unit III Hyderabad IN,5763,599.0,3610.0
BATCH-01491,ARV-011,2026-01-09,2028-01-09,2026-02-21,13,Mozambique,Truck,Mylan (formerly Matrix) Nashik,44840,5065.0,5419.21
BATCH-01492,HRDT-001,2024-12-30,2026-12-30,2025-02-26,18,Zimbabwe,Truck,ABBVIE GmbH & Co.KG Wiesbaden,1500,343.0,1645.12
BATCH-01493,ARV-001,2025-09-22,2027-09-22,2025-11-02,26,South Africa,Ocean,"Aurobindo Unit III, India",119251,9461.0,7292.27
BATCH-01494,ARV-006,2025-09-25,2027-09-25,2025-11-30,14,Mozambique,Truck,"Strides, Bangalore, India.",2268,741.0,5716.86
BATCH-01495,ARV-009,2025-07-23,2027-07-23,2025-10-17,39,South Africa,Ocean,"Aurobindo Unit III, India",14155,1321.0,9726.53
BATCH-01496,HRDT-005,2025-07-09,2027-07-09,2025-08-29,12,Sudan,Air,"Standard Diagnostics, Korea",16,139.0,1629.85
BATCH-01497,ARV-001,2025-04-27,2027-04-27,2025-06-07,20,Zambia,Truck,"Aurobindo Unit III, India",28454,3279.0,8288.78
BATCH-01498,ARV-009,2025-06-18,2027-06-18,2025-07-30,18,Vietnam,Air,Mylan (formerly Matrix) Nashik,1344,86.0,3573.32
BATCH-01499,ARV-005,2026-03-03,2028-03-02,2026-04-07,7,Nigeria,Air Charter,ABBVIE Ludwigshafen Germany,28000,6702.0,20526.0
BATCH-01500,HRDT-001,2025-09-23,2027-09-23,2025-11-22,19,Burundi,Air,"Alere Medical Co., Ltd.",1200,577.0,14493.81
